,Unnamed: 0_x,Country Name,Country Code,Date,GDP-PerCap,Life-Expectancy,Unnamed: 0_y,Population (2020),Continent
0,0,Afghanistan,AFG,2012,638.845851607289,62.054,0,38928346,Asia
1,217,Afghanistan,AFG,2013,624.315454506615,62.525,0,38928346,Asia
2,434,Afghanistan,AFG,2014,614.223342360392,62.966,0,38928346,Asia
3,651,Afghanistan,AFG,2015,556.007220861443,63.377,0,38928346,Asia
4,868,Afghanistan,AFG,2016,512.012778129357,63.763,0,38928346,Asia
5,1085,Afghanistan,AFG,2017,516.679862210543,64.13,0,38928346,Asia
6,1302,Afghanistan,AFG,2018,485.668418729808,64.486,0,38928346,Asia
7,1519,Afghanistan,AFG,2019,494.179349886029,64.833,0,38928346,Asia
8,1,Albania,ALB,2012,4247.63004748194,77.252,1,2877797,Europe
9,218,Albania,ALB,2013,4413.06200528903,77.554,1,2877797,Europe
10,435,Albania,ALB,2014,4578.63320812155,77.813,1,2877797,Europe
11,652,Albania,ALB,2015,3952.80253807527,78.025,1,2877797,Europe
12,869,Albania,ALB,2016,4124.05538986272,78.194,1,2877797,Europe
13,1086,Albania,ALB,2017,4531.0193737689,78.333,1,2877797,Europe
14,1303,Albania,ALB,2018,5287.66369446913,78.458,1,2877797,Europe
15,1520,Albania,ALB,2019,5395.65953185375,78.573,1,2877797,Europe
16,2,Algeria,DZA,2012,5592.22011465753,75.436,2,43851044,Africa
17,219,Algeria,DZA,2013,5499.58733105334,75.661,2,43851044,Africa
18,436,Algeria,DZA,2014,5493.05669453687,75.878,2,43851044,Africa
19,653,Algeria,DZA,2015,4177.8895415169,76.09,2,43851044,Africa
20,870,Algeria,DZA,2016,3946.45244712537,76.298,2,43851044,Africa
21,1087,Algeria,DZA,2017,4109.69821695727,76.499,2,43851044,Africa
22,1304,Algeria,DZA,2018,4142.01855842917,76.693,2,43851044,Africa
23,1521,Algeria,DZA,2019,3989.66827645236,76.88,2,43851044,Africa
24,5,Angola,AGO,2012,5100.09702685927,57.236,3,32866272,Africa
25,222,Angola,AGO,2013,5254.88112606683,58.054,3,32866272,Africa
26,439,Angola,AGO,2014,5408.41170002082,58.776,3,32866272,Africa
27,656,Angola,AGO,2015,4166.97983330278,59.398,3,32866272,Africa
28,873,Angola,AGO,2016,3506.07312818832,59.925,3,32866272,Africa
29,1090,Angola,AGO,2017,4095.8100568707,60.379,3,32866272,Africa
30,1307,Angola,AGO,2018,3289.64399476678,60.782,3,32866272,Africa
31,1524,Angola,AGO,2019,2809.62608839129,61.147,3,32866272,Africa
32,6,Antigua and Barbuda,ATG,2012,13272.7349447294,76.087,4,97929,North America
33,223,Antigua and Barbuda,ATG,2013,12910.5906255945,76.218,4,97929,North America
34,440,Antigua and Barbuda,ATG,2014,13501.5809223367,76.349,4,97929,North America
35,657,Antigua and Barbuda,ATG,2015,14285.3297773091,76.483,4,97929,North America
36,874,Antigua and Barbuda,ATG,2016,15198.7429664112,76.617,4,97929,North America
37,1091,Antigua and Barbuda,ATG,2017,15383.5763979856,76.752,4,97929,North America
38,1308,Antigua and Barbuda,ATG,2018,16679.5916624545,76.885,4,97929,North America
39,1525,Antigua and Barbuda,ATG,2019,17376.6496765004,77.016,4,97929,North America
40,7,Argentina,ARG,2012,13082.664325572,75.598,5,45195774,South America
41,224,Argentina,ARG,2013,13080.2547323367,75.756,5,45195774,South America
42,441,Argentina,ARG,2014,12334.7982453893,75.913,5,45195774,South America
43,658,Argentina,ARG,2015,13789.060424772,76.068,5,45195774,South America
44,875,Argentina,ARG,2016,12790.2424732447,76.221,5,45195774,South America
45,1092,Argentina,ARG,2017,14613.041824658,76.372,5,45195774,South America
46,1309,Argentina,ARG,2018,11795.1593866287,76.52,5,45195774,South America
47,1526,Argentina,ARG,2019,10056.637940265,76.667,5,45195774,South America
48,8,Armenia,ARM,2012,3681.84469060495,73.82,6,2963243,Asia
49,225,Armenia,ARM,2013,3838.17387997786,74.056,6,2963243,Asia
50,442,Armenia,ARM,2014,3986.23162376713,74.273,6,2963243,Asia
51,659,Armenia,ARM,2015,3607.28929855361,74.467,6,2963243,Asia
52,876,Armenia,ARM,2016,3591.82805221639,74.64,6,2963243,Asia
53,1093,Armenia,ARM,2017,3914.52785436696,74.797,6,2963243,Asia
54,1310,Armenia,ARM,2018,4220.54032079145,74.945,6,2963243,Asia
55,1527,Armenia,ARM,2019,4604.64632355695,75.087,6,2963243,Asia
56,9,Aruba,ABW,2012,24712.4932628907,75.299,7,106766,North America
57,226,Aruba,ABW,2013,26441.6199357378,75.441,7,106766,North America
58,443,Aruba,ABW,2014,26893.0115056581,75.583,7,106766,North America
59,660,Aruba,ABW,2015,28396.9084228616,75.725,7,106766,North America
60,877,Aruba,ABW,2016,28452.1706146796,75.868,7,106766,North America
61,1094,Aruba,ABW,2017,29350.8050189137,76.01,7,106766,North America
62,1311,Aruba,ABW,2018,30253.2793580195,76.152,7,106766,North America
63,10,Australia,AUS,2012,68027.8417067378,82.0463414634146,8,25499884,Australia
64,227,Australia,AUS,2013,68156.6279162085,82.1487804878049,8,25499884,Australia
65,444,Australia,AUS,2014,62511.6905895284,82.3,8,25499884,Australia
66,661,Australia,AUS,2015,56707.0220772116,82.4,8,25499884,Australia
67,878,Australia,AUS,2016,49881.7637140466,82.4487804878049,8,25499884,Australia
68,1095,Australia,AUS,2017,53934.2501750463,82.5,8,25499884,Australia
69,1312,Australia,AUS,2018,57180.7794001614,82.7487804878049,8,25499884,Australia
70,1529,Australia,AUS,2019,54875.2859563351,82.9,8,25499884,Australia
71,11,Austria,AUT,2012,48567.69528642,80.9365853658537,9,9006398,Europe
72,228,Austria,AUT,2013,50716.7087062864,81.1365853658537,9,9006398,Europe
73,445,Austria,AUT,2014,51717.4959405515,81.490243902439,9,9006398,Europe
74,662,Austria,AUT,2015,44178.0473777432,81.190243902439,9,9006398,Europe
75,879,Austria,AUT,2016,45276.8314351693,81.6414634146342,9,9006398,Europe
76,1096,Austria,AUT,2017,47312.0062332199,81.6439024390244,9,9006398,Europe
77,1313,Austria,AUT,2018,51461.4332150082,81.6926829268293,9,9006398,Europe
78,1530,Austria,AUT,2019,50114.4011099728,81.7926829268293,9,9006398,Europe
79,12,Azerbaijan,AZE,2012,7496.29464768263,71.506,10,10139177,Asia
80,229,Azerbaijan,AZE,2013,7875.75695254288,71.768,10,10139177,Asia
81,446,Azerbaijan,AZE,2014,7891.31314749986,72.022,10,10139177,Asia
82,663,Azerbaijan,AZE,2015,5500.31038244408,72.266,10,10139177,Asia
83,880,Azerbaijan,AZE,2016,3880.73873089556,72.493,10,10139177,Asia
84,1097,Azerbaijan,AZE,2017,4147.08971569171,72.693,10,10139177,Asia
85,1314,Azerbaijan,AZE,2018,4739.84171028393,72.864,10,10139177,Asia
86,1531,Azerbaijan,AZE,2019,4805.75371765917,73.005,10,10139177,Asia
87,14,Bahrain,BHR,2012,23654.3695877495,76.342,12,1701575,Asia
88,231,Bahrain,BHR,2013,24744.296958551,76.484,12,1701575,Asia
89,448,Bahrain,BHR,2014,24989.437527708,76.624,12,1701575,Asia
90,665,Bahrain,BHR,2015,22634.0856475674,76.762,12,1701575,Asia
91,882,Bahrain,BHR,2016,22608.4525623673,76.899,12,1701575,Asia
92,1099,Bahrain,BHR,2017,23742.9373424159,77.032,12,1701575,Asia
93,1316,Bahrain,BHR,2018,24085.955988096,77.163,12,1701575,Asia
94,1533,Bahrain,BHR,2019,23551.9300857404,77.292,12,1701575,Asia
95,15,Bangladesh,BGD,2012,883.117129615718,70.606,13,164689383,Asia
96,232,Bangladesh,BGD,2013,981.860851354457,70.93,13,164689383,Asia
97,449,Bangladesh,BGD,2014,1118.87380783368,71.231,13,164689383,Asia
98,666,Bangladesh,BGD,2015,1248.45330989613,71.514,13,164689383,Asia
99,883,Bangladesh,BGD,2016,1401.56463513179,71.785,13,164689383,Asia
100,1100,Bangladesh,BGD,2017,1563.76781861826,72.052,13,164689383,Asia
101,1317,Bangladesh,BGD,2018,1698.13208078712,72.32,13,164689383,Asia
102,1534,Bangladesh,BGD,2019,1855.74009422319,72.591,13,164689383,Asia
103,16,Barbados,BRB,2012,16249.6739490585,78.547,14,287375,North America
104,233,Barbados,BRB,2013,16451.2793094473,78.633,14,287375,North America
105,450,Barbados,BRB,2014,16489.0722373387,78.717,14,287375,North America
106,667,Barbados,BRB,2015,16524.899501274,78.801,14,287375,North America
107,884,Barbados,BRB,2016,16900.0482858522,78.888,14,287375,North America
108,1101,Barbados,BRB,2017,17391.6689084614,78.981,14,287375,North America
109,1318,Barbados,BRB,2018,17745.2553725928,79.081,14,287375,North America
110,1535,Barbados,BRB,2019,18148.4978451054,79.19,14,287375,North America
111,17,Belarus,BLR,2012,6953.13251493684,71.9658536585366,15,9449323,Europe
112,234,Belarus,BLR,2013,7998.12523878099,72.4707317073171,15,9449323,Europe
113,451,Belarus,BLR,2014,8341.39967861093,72.9707317073171,15,9449323,Europe
114,668,Belarus,BLR,2015,5967.05220384914,73.6243902439025,15,9449323,Europe
115,885,Belarus,BLR,2016,5039.68188628499,73.8268292682927,15,9449323,Europe
116,1102,Belarus,BLR,2017,5785.67067254068,74.1292682926829,15,9449323,Europe
117,1319,Belarus,BLR,2018,6360.06247301284,74.1756097560976,15,9449323,Europe
118,1536,Belarus,BLR,2019,6837.71782606351,74.2268292682927,15,9449323,Europe
119,18,Belgium,BEL,2012,44673.1158755901,80.3853658536585,16,11589623,Europe
120,235,Belgium,BEL,2013,46744.6625441516,80.5878048780488,16,11589623,Europe
121,452,Belgium,BEL,2014,47700.5403601178,81.2878048780488,16,11589623,Europe
122,669,Belgium,BEL,2015,40991.8081381432,80.9926829268293,16,11589623,Europe
123,886,Belgium,BEL,2016,41984.1030335609,81.4390243902439,16,11589623,Europe
124,1103,Belgium,BEL,2017,44089.3100875118,81.4926829268293,16,11589623,Europe
125,1320,Belgium,BEL,2018,47519.5530968943,81.5951219512195,16,11589623,Europe
126,1537,Belgium,BEL,2019,46591.4916067396,81.7463414634146,16,11589623,Europe
127,19,Belize,BLZ,2012,4505.60059312987,73.044,17,397628,North America
128,236,Belize,BLZ,2013,4568.64122799115,73.452,17,397628,North America
129,453,Belize,BLZ,2014,4718.43658122355,73.782,17,397628,North America
130,670,Belize,BLZ,2015,4770.23265563888,74.034,17,397628,North America
131,887,Belize,BLZ,2016,4856.97324853112,74.219,17,397628,North America
132,1104,Belize,BLZ,2017,4945.85769867226,74.365,17,397628,North America
133,1321,Belize,BLZ,2018,5001.42215663433,74.496,17,397628,North America
134,1538,Belize,BLZ,2019,5078.80994441772,74.623,17,397628,North America
135,20,Benin,BEN,2012,1145.14010479477,59.842,18,12123200,Africa
136,237,Benin,BEN,2013,1251.20976745379,60.092,18,12123200,Africa
137,454,Benin,BEN,2014,1291.41018480579,60.345,18,12123200,Africa
138,671,Benin,BEN,2015,1076.79669785585,60.608,18,12123200,Africa
139,888,Benin,BEN,2016,1087.28733148547,60.885,18,12123200,Africa
140,1105,Benin,BEN,2017,1136.59387178448,61.174,18,12123200,Africa
141,1322,Benin,BEN,2018,1241.82529800958,61.47,18,12123200,Africa
142,1539,Benin,BEN,2019,1219.51550596905,61.771,18,12123200,Africa
143,22,Bhutan,BTN,2012,2538.94951919964,69.263,19,771608,Asia
144,239,Bhutan,BTN,2013,2472.72475320595,69.662,19,771608,Asia
145,456,Bhutan,BTN,2014,2652.22565438023,70.046,19,771608,Asia
146,673,Bhutan,BTN,2015,2752.63017233678,70.419,19,771608,Asia
147,890,Bhutan,BTN,2016,2930.5749227006,70.781,19,771608,Asia
148,1107,Bhutan,BTN,2017,3286.59674376682,71.129,19,771608,Asia
149,1324,Bhutan,BTN,2018,3243.47743748718,71.46,19,771608,Asia
150,1541,Bhutan,BTN,2019,3322.86332871934,71.777,19,771608,Asia
151,23,Bolivia,BOL,2012,2609.880562178,69.01,20,11673021,South America
152,240,Bolivia,BOL,2013,2908.2003704458,69.468,20,11673021,South America
153,457,Bolivia,BOL,2014,3081.87882321413,69.891,20,11673021,South America
154,674,Bolivia,BOL,2015,3035.97165489786,70.277,20,11673021,South America
155,891,Bolivia,BOL,2016,3076.65643989367,70.626,20,11673021,South America
156,1108,Bolivia,BOL,2017,3351.12434384125,70.945,20,11673021,South America
157,1325,Bolivia,BOL,2018,3548.59078021377,71.239,20,11673021,South America
158,1542,Bolivia,BOL,2019,3552.06814321502,71.513,20,11673021,South America
159,24,Bosnia and Herzegovina,BIH,2012,4777.06691374907,76.401,21,3280819,Europe
160,241,Bosnia and Herzegovina,BIH,2013,5129.6635340307,76.569,21,3280819,Europe
161,458,Bosnia and Herzegovina,BIH,2014,5330.35507495756,76.723,21,3280819,Europe
162,675,Bosnia and Herzegovina,BIH,2015,4729.68995905382,76.865,21,3280819,Europe
163,892,Bosnia and Herzegovina,BIH,2016,4994.97155093444,76.998,21,3280819,Europe
164,1109,Bosnia and Herzegovina,BIH,2017,5394.26894391382,77.128,21,3280819,Europe
165,1326,Bosnia and Herzegovina,BIH,2018,6070.34908129292,77.262,21,3280819,Europe
166,1543,Bosnia and Herzegovina,BIH,2019,6119.76234462222,77.401,21,3280819,Europe
167,25,Botswana,BWA,2012,7050.57347186681,63.511,22,2351627,Africa
168,242,Botswana,BWA,2013,7224.91273728564,64.976,22,2351627,Africa
169,459,Botswana,BWA,2014,7495.22086608805,66.265,22,2351627,Africa
170,676,Botswana,BWA,2015,6402.91018338391,67.338,22,2351627,Africa
171,893,Botswana,BWA,2016,6982.91749241303,68.178,22,2351627,Africa
172,1110,Botswana,BWA,2017,7296.09214157008,68.812,22,2351627,Africa
173,1327,Botswana,BWA,2018,7503.8785883646,69.275,22,2351627,Africa
174,1544,Botswana,BWA,2019,7203.06422122998,69.592,22,2351627,Africa
175,26,Brazil,BRA,2012,12370.2232548476,74.209,23,212559417,South America
176,243,Brazil,BRA,2013,12300.3867121004,74.483,23,212559417,South America
177,460,Brazil,BRA,2014,12112.8349554875,74.745,23,212559417,South America
178,677,Brazil,BRA,2015,8813.98980647828,74.994,23,212559417,South America
179,894,Brazil,BRA,2016,8710.06328995352,75.23,23,212559417,South America
180,1111,Brazil,BRA,2017,9928.67589653405,75.456,23,212559417,South America
181,1328,Brazil,BRA,2018,9151.38173161536,75.672,23,212559417,South America
182,1545,Brazil,BRA,2019,8897.55296585529,75.881,23,212559417,South America
183,29,Bulgaria,BGR,2012,7432.47876568071,74.3146341463415,25,6948445,Europe
184,246,Bulgaria,BGR,2013,7681.93461995882,74.8609756097561,25,6948445,Europe
185,463,Bulgaria,BGR,2014,7901.78587639382,74.4658536585366,25,6948445,Europe
186,680,Bulgaria,BGR,2015,7074.68102325059,74.6146341463415,25,6948445,Europe
187,897,Bulgaria,BGR,2016,7569.47881476759,74.8121951219512,25,6948445,Europe
188,1114,Bulgaria,BGR,2017,8366.29322145748,74.8146341463415,25,6948445,Europe
189,1331,Bulgaria,BGR,2018,9446.70077185518,74.9634146341464,25,6948445,Europe
190,1548,Bulgaria,BGR,2019,9879.26853313318,74.9146341463415,25,6948445,Europe
191,30,Burkina Faso,BFA,2012,758.000426972403,58.374,26,20903273,Africa
192,247,Burkina Faso,BFA,2013,787.469438309085,58.937,26,20903273,Africa
193,464,Burkina Faso,BFA,2014,792.84623742527,59.45,26,20903273,Africa
194,681,Burkina Faso,BFA,2015,653.32726813947,59.919,26,20903273,Africa
195,898,Burkina Faso,BFA,2016,688.250696258197,60.354,26,20903273,Africa
196,1115,Burkina Faso,BFA,2017,734.996267960528,60.768,26,20903273,Africa
197,1332,Burkina Faso,BFA,2018,804.500537821516,61.174,26,20903273,Africa
198,1549,Burkina Faso,BFA,2019,796.115206827676,61.577,26,20903273,Africa
199,31,Burundi,BDI,2012,252.358870682831,58.568,27,11890784,Africa
200,248,Burundi,BDI,2013,256.975652630896,59.148,27,11890784,Africa
201,465,Burundi,BDI,2014,274.857836231788,59.665,27,11890784,Africa
202,682,Burundi,BDI,2015,305.549652502657,60.123,27,11890784,Africa
203,899,Burundi,BDI,2016,260.56522079627,60.528,27,11890784,Africa
204,1116,Burundi,BDI,2017,253.826354063895,60.898,27,11890784,Africa
205,1333,Burundi,BDI,2018,238.783467020173,61.247,27,11890784,Africa
206,1550,Burundi,BDI,2019,228.213589244227,61.584,27,11890784,Africa
207,32,Cabo Verde,CPV,2012,3447.48310007387,71.445,28,555987,Africa
208,249,Cabo Verde,CPV,2013,3616.03556968932,71.661,28,555987,Africa
209,466,Cabo Verde,CPV,2014,3588.62558418407,71.886,28,555987,Africa
210,683,Cabo Verde,CPV,2015,3043.03138156811,72.117,28,555987,Africa
211,900,Cabo Verde,CPV,2016,3130.99875340636,72.347,28,555987,Africa
212,1117,Cabo Verde,CPV,2017,3289.90220261281,72.57,28,555987,Africa
213,1334,Cabo Verde,CPV,2018,3616.46453749713,72.782,28,555987,Africa
214,1551,Cabo Verde,CPV,2019,3603.77524058462,72.981,28,555987,Africa
215,33,Cambodia,KHM,2012,950.880345993697,67.48,29,16718965,Asia
216,250,Cambodia,KHM,2013,1013.42053550135,67.888,29,16718965,Asia
217,467,Cambodia,KHM,2014,1093.49597573908,68.273,29,16718965,Asia
218,684,Cambodia,KHM,2015,1162.90499489402,68.637,29,16718965,Asia
219,901,Cambodia,KHM,2016,1269.59149895246,68.977,29,16718965,Asia
220,1118,Cambodia,KHM,2017,1385.26006616114,69.289,29,16718965,Asia
221,1335,Cambodia,KHM,2018,1512.12698889384,69.57,29,16718965,Asia
222,1552,Cambodia,KHM,2019,1643.12138876539,69.823,29,16718965,Asia
223,34,Cameroon,CMR,2012,1403.52291521783,56.073,30,26545863,Africa
224,251,Cameroon,CMR,2013,1527.75125667954,56.576,30,26545863,Africa
225,468,Cameroon,CMR,2014,1604.21403479187,57.083,30,26545863,Africa
226,685,Cameroon,CMR,2015,1382.5097900241,57.583,30,26545863,Africa
227,902,Cameroon,CMR,2016,1413.2559568153,58.063,30,26545863,Africa
228,1119,Cameroon,CMR,2017,1469.44749980724,58.511,30,26545863,Africa
229,1336,Cameroon,CMR,2018,1585.24053445546,58.921,30,26545863,Africa
230,1553,Cameroon,CMR,2019,1533.09568807789,59.292,30,26545863,Africa
231,35,Canada,CAN,2012,52669.0899632316,81.6487804878049,31,37742154,North America
232,252,Canada,CAN,2013,52635.1749580433,81.7487804878049,31,37742154,North America
233,469,Canada,CAN,2014,50955.9983232404,81.8,31,37742154,North America
234,686,Canada,CAN,2015,43596.1355365546,81.9,31,37742154,North America
235,903,Canada,CAN,2016,42315.6037056806,81.9,31,37742154,North America
236,1120,Canada,CAN,2017,45129.3564395662,81.9,31,37742154,North America
237,1337,Canada,CAN,2018,46548.5203600809,82.0487804878049,31,37742154,North America
238,1554,Canada,CAN,2019,46338.3409560127,82.0487804878049,31,37742154,North America
239,37,Central African Republic,CAF,2012,565.80120711394,48.638,32,4829767,Africa
240,254,Central African Republic,CAF,2013,380.29791114378,49.371,32,4829767,Africa
241,471,Central African Republic,CAF,2014,424.449131659484,50.129,32,4829767,Africa
242,688,Central African Republic,CAF,2015,377.422917680195,50.881,32,4829767,Africa
243,905,Central African Republic,CAF,2016,402.191645130502,51.593,32,4829767,Africa
244,1122,Central African Republic,CAF,2017,450.900657858547,52.24,32,4829767,Africa
245,1339,Central African Republic,CAF,2018,475.953813864813,52.805,32,4829767,Africa
246,1556,Central African Republic,CAF,2019,467.908032277798,53.283,32,4829767,Africa
247,38,Chad,TCD,2012,967.352948812122,51.928,33,16425864,Africa
248,255,Chad,TCD,2013,979.811742616759,52.386,33,16425864,Africa
249,472,Chad,TCD,2014,1020.28797948927,52.789,33,16425864,Africa
250,689,Chad,TCD,2015,776.019752284262,53.137,33,16425864,Africa
251,906,Chad,TCD,2016,693.449767448537,53.438,33,16425864,Africa
252,1123,Chad,TCD,2017,665.948884859102,53.712,33,16425864,Africa
253,1340,Chad,TCD,2018,726.151007088549,53.977,33,16425864,Africa
254,1557,Chad,TCD,2019,709.54004317463,54.239,33,16425864,Africa
255,40,Chile,CHL,2012,15351.5407387153,79.176,35,19116201,South America
256,257,Chile,CHL,2013,15842.936483624,79.349,35,19116201,South America
257,474,Chile,CHL,2014,14670.9889142695,79.504,35,19116201,South America
258,691,Chile,CHL,2015,13574.1692377524,79.646,35,19116201,South America
259,908,Chile,CHL,2016,13753.5921485096,79.779,35,19116201,South America
260,1125,Chile,CHL,2017,14998.8170563218,79.909,35,19116201,South America
261,1342,Chile,CHL,2018,15888.144355397,80.042,35,19116201,South America
262,1559,Chile,CHL,2019,14741.7144039936,80.181,35,19116201,South America
263,41,China,CHN,2012,6300.61511825789,75.013,36,1439323776,Asia
264,258,China,CHN,2013,7020.33848453658,75.321,36,1439323776,Asia
265,475,China,CHN,2014,7636.11660125502,75.629,36,1439323776,Asia
266,692,China,CHN,2015,8016.43143498003,75.928,36,1439323776,Asia
267,909,China,CHN,2016,8094.36336675194,76.21,36,1439323776,Asia
268,1126,China,CHN,2017,8816.98690451989,76.47,36,1439323776,Asia
269,1343,China,CHN,2018,9905.34200389253,76.704,36,1439323776,Asia
270,1560,China,CHN,2019,10143.8381719921,76.912,36,1439323776,Asia
271,42,Colombia,COL,2012,8050.25537167051,75.882,37,50882891,South America
272,259,Colombia,COL,2013,8218.34784431478,76.105,37,50882891,South America
273,476,Colombia,COL,2014,8114.34392085161,76.322,37,50882891,South America
274,693,Colombia,COL,2015,6175.8760297026,76.531,37,50882891,South America
275,910,Colombia,COL,2016,5870.77795724165,76.732,37,50882891,South America
276,1127,Colombia,COL,2017,6376.70671552601,76.925,37,50882891,South America
277,1344,Colombia,COL,2018,6729.58333198168,77.109,37,50882891,South America
278,1561,Colombia,COL,2019,6424.9794924083,77.287,37,50882891,South America
279,43,Comoros,COM,2012,1403.36025196698,62.595,38,869601,Africa
280,260,Comoros,COM,2013,1505.33729247147,62.922,38,869601,Africa
281,477,Comoros,COM,2014,1513.8303792438,63.214,38,869601,Africa
282,694,Comoros,COM,2015,1242.58560784999,63.471,38,869601,Africa
283,911,Comoros,COM,2016,1273.05095200255,63.7,38,869601,Africa
284,1128,Comoros,COM,2017,1323.81484301294,63.912,38,869601,Africa
285,1345,Comoros,COM,2018,1428.29046324322,64.118,38,869601,Africa
286,1562,Comoros,COM,2019,1401.54231196814,64.321,38,869601,Africa
287,46,Costa Rica,CRI,2012,10075.0046155735,79.074,40,5094118,North America
288,263,Costa Rica,CRI,2013,10744.0910189201,79.234,40,5094118,North America
289,480,Costa Rica,CRI,2014,10847.1696672929,79.398,40,5094118,North America
290,697,Costa Rica,CRI,2015,11642.7780517194,79.565,40,5094118,North America
291,914,Costa Rica,CRI,2016,12011.2227544354,79.738,40,5094118,North America
292,1131,Costa Rica,CRI,2017,12225.5744931403,79.914,40,5094118,North America
293,1348,Costa Rica,CRI,2018,12485.423896168,80.095,40,5094118,North America
294,1565,Costa Rica,CRI,2019,12693.8279560372,80.279,40,5094118,North America
295,48,Croatia,HRV,2012,13401.6566203283,76.9243902439024,41,4105267,Europe
296,265,Croatia,HRV,2013,13837.7316376587,77.1268292682927,41,4105267,Europe
297,482,Croatia,HRV,2014,13762.3728630599,77.4780487804878,41,4105267,Europe
298,699,Croatia,HRV,2015,11933.3773788281,77.2756097560976,41,4105267,Europe
299,916,Croatia,HRV,2016,12527.7398569824,78.0219512195122,41,4105267,Europe
300,1133,Croatia,HRV,2017,13629.289592247,77.8268292682927,41,4105267,Europe
301,1350,Croatia,HRV,2018,15227.5600968096,78.0707317073171,41,4105267,Europe
302,1567,Croatia,HRV,2019,15311.766903695,78.4243902439025,41,4105267,Europe
303,49,Cuba,CUB,2012,6497.31476421306,78.446,42,11326616,North America
304,266,Cuba,CUB,2013,6837.71167985881,78.485,42,11326616,North America
305,483,Cuba,CUB,2014,7133.33767875907,78.521,42,11326616,North America
306,700,Cuba,CUB,2015,7694.01463710941,78.561,42,11326616,North America
307,917,Cuba,CUB,2016,8060.79659761513,78.607,42,11326616,North America
308,1134,Cuba,CUB,2017,8541.21368643707,78.662,42,11326616,North America
309,1351,Cuba,CUB,2018,8824.19400843842,78.726,42,11326616,North America
310,1568,Cuba,CUB,2019,9125.8786794952,78.802,42,11326616,North America
311,51,Cyprus,CYP,2012,28912.1569390403,79.812,44,1207359,Asia
312,268,Cyprus,CYP,2013,27729.1926990735,79.999,44,1207359,Asia
313,485,Cyprus,CYP,2014,27163.3329657606,80.178,44,1207359,Asia
314,702,Cyprus,CYP,2015,23408.3366816249,80.35,44,1207359,Asia
315,919,Cyprus,CYP,2016,24605.9208328767,80.513,44,1207359,Asia
316,1136,Cyprus,CYP,2017,26608.8750916456,80.672,44,1207359,Asia
317,1353,Cyprus,CYP,2018,29334.1109348657,80.828,44,1207359,Asia
318,1570,Cyprus,CYP,2019,29206.0767190775,80.982,44,1207359,Asia
319,53,Denmark,DNK,2012,58507.5080517852,80.0512195121951,48,5792202,Europe
320,270,Denmark,DNK,2013,61191.1937042028,80.3,48,5792202,Europe
321,487,Denmark,DNK,2014,62548.9847332908,80.7,48,5792202,Europe
322,704,Denmark,DNK,2015,53254.8563700916,80.7024390243902,48,5792202,Europe
323,921,Denmark,DNK,2016,54663.9983719195,80.8536585365854,48,5792202,Europe
324,1138,Denmark,DNK,2017,57610.0981801135,81.1024390243903,48,5792202,Europe
325,1355,Denmark,DNK,2018,61591.9288698958,80.9536585365854,48,5792202,Europe
326,1572,Denmark,DNK,2019,59775.7350964515,81.2024390243903,48,5792202,Europe
327,54,Djibouti,DJI,2012,1559.24065068226,61.395,49,988000,Africa
328,271,Djibouti,DJI,2013,2312.7209484209,62.239,49,988000,Africa
329,488,Djibouti,DJI,2014,2464.29490507649,63.171,49,988000,Africa
330,705,Djibouti,DJI,2015,2658.94924528237,64.136,49,988000,Africa
331,922,Djibouti,DJI,2016,2802.16620395446,65.064,49,988000,Africa
332,1139,Djibouti,DJI,2017,2914.35819688602,65.893,49,988000,Africa
333,1356,Djibouti,DJI,2018,3141.86171059002,66.582,49,988000,Africa
334,1573,Djibouti,DJI,2019,3414.9161775746,67.112,49,988000,Africa
335,56,Dominican Republic,DOM,2012,6110.36657603383,72.523,50,10847910,North America
336,273,Dominican Republic,DOM,2013,6238.13236658362,72.763,50,10847910,North America
337,490,Dominican Republic,DOM,2014,6608.82550130065,73.003,50,10847910,North America
338,707,Dominican Republic,DOM,2015,6921.52059432776,73.241,50,10847910,North America
339,924,Dominican Republic,DOM,2016,7280.88361041225,73.471,50,10847910,North America
340,1141,Dominican Republic,DOM,2017,7609.35327534023,73.689,50,10847910,North America
341,1358,Dominican Republic,DOM,2018,8050.64407623416,73.892,50,10847910,North America
342,1575,Dominican Republic,DOM,2019,8282.11713050921,74.081,50,10847910,North America
343,57,Ecuador,ECU,2012,5682.04610814497,75.495,51,17643054,South America
344,274,Ecuador,ECU,2013,6056.33121253813,75.707,51,17643054,South America
345,491,Ecuador,ECU,2014,6377.09392877257,75.923,51,17643054,South America
346,708,Ecuador,ECU,2015,6124.49088707134,76.143,51,17643054,South America
347,925,Ecuador,ECU,2016,6060.09296156791,76.365,51,17643054,South America
348,1142,Ecuador,ECU,2017,6213.50312736888,76.584,51,17643054,South America
349,1359,Ecuador,ECU,2018,6295.93466163992,76.8,51,17643054,South America
350,1576,Ecuador,ECU,2019,6222.52465327248,77.01,51,17643054,South America
351,59,El Salvador,SLV,2012,3428.40933246681,71.692,53,6486205,North America
352,276,El Salvador,SLV,2013,3509.52653622458,71.935,53,6486205,North America
353,493,El Salvador,SLV,2014,3589.04288461991,72.175,53,6486205,North America
354,710,El Salvador,SLV,2015,3705.57970353453,72.412,53,6486205,North America
355,927,El Salvador,SLV,2016,3805.99568574434,72.644,53,6486205,North America
356,1144,El Salvador,SLV,2017,3910.25440332717,72.872,53,6486205,North America
357,1361,El Salvador,SLV,2018,4052.62477533742,73.096,53,6486205,North America
358,1578,El Salvador,SLV,2019,4167.73093878563,73.317,53,6486205,North America
359,60,Equatorial Guinea,GNQ,2012,21711.1515946043,56.288,54,1402985,Africa
360,277,Equatorial Guinea,GNQ,2013,20390.737273789,56.642,54,1402985,Africa
361,494,Equatorial Guinea,GNQ,2014,19394.0806626191,57.001,54,1402985,Africa
362,711,Equatorial Guinea,GNQ,2015,11283.3980543871,57.359,54,1402985,Africa
363,928,Equatorial Guinea,GNQ,2016,9250.31649333951,57.713,54,1402985,Africa
364,1145,Equatorial Guinea,GNQ,2017,9667.8578009346,58.061,54,1402985,Africa
365,1362,Equatorial Guinea,GNQ,2018,10005.6167917268,58.402,54,1402985,Africa
366,1579,Equatorial Guinea,GNQ,2019,8419.9333361253,58.735,54,1402985,Africa
367,62,Estonia,EST,2012,17404.2008024604,76.3268292682927,56,1326535,Europe
368,279,Estonia,EST,2013,19050.5859209,77.1414634146341,56,1326535,Europe
369,496,Estonia,EST,2014,20234.1174174704,77.0341463414634,56,1326535,Europe
370,713,Estonia,EST,2015,17395.040616214,77.590243902439,56,1326535,Europe
371,930,Estonia,EST,2016,18282.9233927131,77.6414634146342,56,1326535,Europe
372,1147,Estonia,EST,2017,20387.2831474612,78.0926829268293,56,1326535,Europe
373,1364,Estonia,EST,2018,23052.3012559586,78.2439024390244,56,1326535,Europe
374,1581,Estonia,EST,2019,23397.1200148694,78.4975609756098,56,1326535,Europe
375,63,Eswatini,SWZ,2012,4527.56503878653,49.862,57,1160164,Africa
376,280,Eswatini,SWZ,2013,4230.17126641521,51.699,57,1160164,Africa
377,497,Eswatini,SWZ,2014,4039.15934079483,53.569,57,1160164,Africa
378,714,Eswatini,SWZ,2015,3680.34947283775,55.359,57,1160164,Africa
379,931,Eswatini,SWZ,2016,3425.53195692846,56.962,57,1160164,Africa
380,1148,Eswatini,SWZ,2017,3914.41848379603,58.319,57,1160164,Africa
381,1365,Eswatini,SWZ,2018,4105.89368278939,59.401,57,1160164,Africa
382,1582,Eswatini,SWZ,2019,3915.64346723669,60.194,57,1160164,Africa
383,64,Ethiopia,ETH,2012,467.07787183328,63.281,58,114963588,Africa
384,281,Ethiopia,ETH,2013,499.531530164228,63.961,58,114963588,Africa
385,498,Ethiopia,ETH,2014,566.92640288853,64.547,58,114963588,Africa
386,715,Ethiopia,ETH,2015,640.541923075422,65.048,58,114963588,Africa
387,932,Ethiopia,ETH,2016,717.124869806118,65.482,58,114963588,Africa
388,1149,Ethiopia,ETH,2017,768.523015429372,65.872,58,114963588,Africa
389,1366,Ethiopia,ETH,2018,771.524866349431,66.24,58,114963588,Africa
390,1583,Ethiopia,ETH,2019,855.760885186903,66.597,58,114963588,Africa
391,66,Fiji,FJI,2012,4591.57701506207,66.859,59,896445,Australia
392,283,Fiji,FJI,2013,4840.72726987242,66.95,59,896445,Australia
393,500,Fiji,FJI,2014,5605.60914844185,67.03,59,896445,Australia
394,717,Fiji,FJI,2015,5390.71420703085,67.103,59,896445,Australia
395,934,Fiji,FJI,2016,5651.27272132772,67.175,59,896445,Australia
396,1151,Fiji,FJI,2017,6101.02388950081,67.252,59,896445,Australia
397,1368,Fiji,FJI,2018,6317.41372015123,67.341,59,896445,Australia
398,1585,Fiji,FJI,2019,6175.89065331713,67.444,59,896445,Australia
399,67,Finland,FIN,2012,47710.7902169415,80.6268292682927,60,5540720,Europe
400,284,Finland,FIN,2013,49878.0432444536,80.9756097560976,60,5540720,Europe
401,501,Finland,FIN,2014,50260.2998588958,81.1804878048781,60,5540720,Europe
402,718,Finland,FIN,2015,42784.6983616432,81.4804878048781,60,5540720,Europe
403,935,Finland,FIN,2016,43784.2839622098,81.4292682926829,60,5540720,Europe
404,1152,Finland,FIN,2017,46297.4963459994,81.6317073170732,60,5540720,Europe
405,1369,Finland,FIN,2018,49964.4999098426,81.7341463414634,60,5540720,Europe
406,1586,Finland,FIN,2019,48628.641762105,81.7853658536586,60,5540720,Europe
407,68,France,FRA,2012,40874.7003927338,81.9682926829268,61,65273511,Europe
408,285,France,FRA,2013,42592.9353850549,82.219512195122,61,65273511,Europe
409,502,France,FRA,2014,43011.2631028417,82.719512195122,61,65273511,Europe
410,719,France,FRA,2015,36638.184929157,82.3219512195122,61,65273511,Europe
411,936,France,FRA,2016,37037.3741861219,82.5731707317073,61,65273511,Europe
412,1153,France,FRA,2017,38685.2584944953,82.5756097560976,61,65273511,Europe
413,1370,France,FRA,2018,41572.4850099629,82.7243902439024,61,65273511,Europe
414,1587,France,FRA,2019,40578.6442850534,82.5780487804878,61,65273511,Europe
415,70,Gabon,GAB,2012,9813.50574650818,62.924,64,2225734,Africa
416,287,Gabon,GAB,2013,9683.58161951252,63.648,64,2225734,Africa
417,504,Gabon,GAB,2014,9663.42411002585,64.318,64,2225734,Africa
418,721,Gabon,GAB,2015,7384.70070393071,64.913,64,2225734,Africa
419,938,Gabon,GAB,2016,6984.41971208387,65.418,64,2225734,Africa
420,1155,Gabon,GAB,2017,7230.43491161979,65.839,64,2225734,Africa
421,1372,Gabon,GAB,2018,7959.00726736376,66.187,64,2225734,Africa
422,1589,Gabon,GAB,2019,7766.99655422948,66.467,64,2225734,Africa
423,72,Georgia,GEO,2012,4421.81824228013,72.097,66,3989167,Asia
424,289,Georgia,GEO,2013,4623.74572473419,72.412,66,3989167,Asia
425,506,Georgia,GEO,2014,4739.18833846421,72.707,66,3989167,Asia
426,723,Georgia,GEO,2015,4014.18594419329,72.973,66,3989167,Asia
427,940,Georgia,GEO,2016,4062.16988757379,73.207,66,3989167,Asia
428,1157,Georgia,GEO,2017,4357.00093554628,73.414,66,3989167,Asia
429,1374,Georgia,GEO,2018,4722.78778321766,73.6,66,3989167,Asia
430,1591,Georgia,GEO,2019,4697.98365238984,73.767,66,3989167,Asia
431,73,Germany,DEU,2012,43858.3630551076,80.5390243902439,67,83783942,Europe
432,290,Germany,DEU,2013,46285.7640688407,80.490243902439,67,83783942,Europe
433,507,Germany,DEU,2014,47959.9932737599,81.090243902439,67,83783942,Europe
434,724,Germany,DEU,2015,41086.7296737253,80.6414634146341,67,83783942,Europe
435,941,Germany,DEU,2016,42107.5172703074,80.990243902439,67,83783942,Europe
436,1158,Germany,DEU,2017,44542.2952040833,80.9926829268293,67,83783942,Europe
437,1375,Germany,DEU,2018,47950.1808142041,80.8926829268293,67,83783942,Europe
438,1592,Germany,DEU,2019,46794.8992915603,80.9414634146342,67,83783942,Europe
439,74,Ghana,GHA,2012,1587.56093185809,61.72,68,31072940,Africa
440,291,Ghana,GHA,2013,2361.09032388366,62.064,68,31072940,Africa
441,508,Ghana,GHA,2014,2012.26424719728,62.416,68,31072940,Africa
442,725,Ghana,GHA,2015,1774.07477092508,62.772,68,31072940,Africa
443,942,Ghana,GHA,2016,1971.95693464599,63.124,68,31072940,Africa
444,1159,Ghana,GHA,2017,2074.29073272269,63.463,68,31072940,Africa
445,1376,Ghana,GHA,2018,2260.86056729337,63.78,68,31072940,Africa
446,1593,Ghana,GHA,2019,2246.62557816432,64.074,68,31072940,Africa
447,76,Greece,GRC,2012,21914.2517286273,80.6341463414634,69,10423054,Europe
448,293,Greece,GRC,2013,21781.5953472612,81.2853658536585,69,10423054,Europe
449,510,Greece,GRC,2014,21587.9575508932,81.3853658536585,69,10423054,Europe
450,727,Greece,GRC,2015,18076.6067552915,81.0365853658537,69,10423054,Europe
451,944,Greece,GRC,2016,17911.7993774946,81.3878048780488,69,10423054,Europe
452,1161,Greece,GRC,2017,18536.1907178433,81.2878048780488,69,10423054,Europe
453,1378,Greece,GRC,2018,19747.3425837935,81.7878048780488,69,10423054,Europe
454,1595,Greece,GRC,2019,19133.7577636254,81.9390243902439,69,10423054,Europe
455,78,Grenada,GRD,2012,7444.08907474276,72.669,70,112523,North America
456,295,Grenada,GRD,2013,7789.63235505594,72.579,70,112523,North America
457,512,Grenada,GRD,2014,8370.04047206067,72.503,70,112523,North America
458,729,Grenada,GRD,2015,9096.53865246322,72.445,70,112523,North America
459,946,Grenada,GRD,2016,9628.2591689029,72.408,70,112523,North America
460,1163,Grenada,GRD,2017,10152.8328118872,72.388,70,112523,North America
461,1380,Grenada,GRD,2018,10466.8822111958,72.384,70,112523,North America
462,1597,Grenada,GRD,2019,10827.4352905074,72.397,70,112523,North America
463,79,Guam,GUM,2012,32908.3067691731,78.408,72,168775,Australia
464,296,Guam,GUM,2013,33656.4535735436,78.649,72,168775,Australia
465,513,Guam,GUM,2014,34843.2055749129,78.895,72,168775,Australia
466,730,Guam,GUM,2015,35829.2503598989,79.144,72,168775,Australia
467,947,Guam,GUM,2016,36214.0069224538,79.391,72,168775,Australia
468,1164,Guam,GUM,2017,36601.9198811792,79.631,72,168775,Australia
469,1381,Guam,GUM,2018,36556.6749110213,79.859,72,168775,Australia
470,1598,Guam,GUM,2019,38040.5869870588,80.074,72,168775,Australia
471,80,Guatemala,GTM,2012,3355.03691881272,72.236,73,17915568,North America
472,297,Guatemala,GTM,2013,3522.77370621475,72.596,73,17915568,North America
473,514,Guatemala,GTM,2014,3779.64233613025,72.935,73,17915568,North America
474,731,Guatemala,GTM,2015,3994.63691288475,73.25,73,17915568,North America
475,948,Guatemala,GTM,2016,4173.30166619474,73.541,73,17915568,North America
476,1165,Guatemala,GTM,2017,4454.04814983548,73.81,73,17915568,North America
477,1382,Guatemala,GTM,2018,4478.42464550944,74.063,73,17915568,North America
478,1599,Guatemala,GTM,2019,4638.63494319511,74.302,73,17915568,North America
479,81,Guinea,GIN,2012,717.050535937992,57.905,74,13132795,Africa
480,298,Guinea,GIN,2013,769.003166697833,58.447,74,13132795,Africa
481,515,Guinea,GIN,2014,787.238564407157,59.016,74,13132795,Africa
482,732,Guinea,GIN,2015,769.255475432822,59.598,74,13132795,Africa
483,949,Guinea,GIN,2016,732.291511901662,60.17,74,13132795,Africa
484,1166,Guinea,GIN,2017,855.575270552124,60.706,74,13132795,Africa
485,1383,Guinea,GIN,2018,955.111281136711,61.185,74,13132795,Africa
486,1600,Guinea,GIN,2019,1058.14336817356,61.602,74,13132795,Africa
487,82,Guinea-Bissau,GNB,2012,616.37566403413,55.645,75,1968001,Africa
488,299,Guinea-Bissau,GNB,2013,634.662039138969,56.117,75,1968001,Africa
489,516,Guinea-Bissau,GNB,2014,623.313091387687,56.556,75,1968001,Africa
490,733,Guinea-Bissau,GNB,2015,603.399381547733,56.959,75,1968001,Africa
491,950,Guinea-Bissau,GNB,2016,661.457838679603,57.328,75,1968001,Africa
492,1167,Guinea-Bissau,GNB,2017,738.549944890782,57.673,75,1968001,Africa
493,1384,Guinea-Bissau,GNB,2018,802.767385116156,58.003,75,1968001,Africa
494,1601,Guinea-Bissau,GNB,2019,749.453747028806,58.322,75,1968001,Africa
495,83,Guyana,GUY,2012,5378.81087848265,68.575,76,786552,South America
496,300,Guyana,GUY,2013,5489.14072551384,68.819,76,786552,South America
497,517,Guyana,GUY,2014,5407.14736611728,69.049,76,786552,South America
498,734,Guyana,GUY,2015,5576.82585151355,69.262,76,786552,South America
499,951,Guyana,GUY,2016,5811.39792362577,69.454,76,786552,South America
500,1168,Guyana,GUY,2017,6124.95366998759,69.624,76,786552,South America
501,1385,Guyana,GUY,2018,6145.81927664377,69.774,76,786552,South America
502,1602,Guyana,GUY,2019,6609.51127954588,69.906,76,786552,South America
503,84,Haiti,HTI,2012,1337.33594561281,61.26,77,11402528,North America
504,301,Haiti,HTI,2013,1432.83761766692,61.658,77,11402528,North America
505,518,Haiti,HTI,2014,1435.13647023104,62.069,77,11402528,North America
506,735,Haiti,HTI,2015,1386.85419078846,62.485,77,11402528,North America
507,952,Haiti,HTI,2016,1290.38050812318,62.896,77,11402528,North America
508,1169,Haiti,HTI,2017,1369.06373395137,63.29,77,11402528,North America
509,1386,Haiti,HTI,2018,1479.3458268885,63.66,77,11402528,North America
510,1603,Haiti,HTI,2019,1312.77063606676,64.001,77,11402528,North America
511,85,Honduras,HND,2012,2129.52143871807,73.814,78,9904607,North America
512,302,Honduras,HND,2013,2088.09720593332,74.051,78,9904607,North America
513,519,Honduras,HND,2014,2190.6531391773,74.278,78,9904607,North America
514,736,Honduras,HND,2015,2286.20303687333,74.495,78,9904607,North America
515,953,Honduras,HND,2016,2326.29727827042,74.701,78,9904607,North America
516,1170,Honduras,HND,2017,2436.6716359867,74.898,78,9904607,North America
517,1387,Honduras,HND,2018,2492.86896769136,75.088,78,9904607,North America
518,1604,Honduras,HND,2019,2556.45689068459,75.27,78,9904607,North America
519,87,Hungary,HUN,2012,12989.1802815896,75.0634146341463,80,9660351,Europe
520,304,Hungary,HUN,2013,13719.9505393621,75.5658536585366,80,9660351,Europe
521,521,Hungary,HUN,2014,14298.833667395,75.7634146341463,80,9660351,Europe
522,738,Hungary,HUN,2015,12720.7120220668,75.5682926829269,80,9660351,Europe
523,955,Hungary,HUN,2016,13107.3779137744,76.0634146341464,80,9660351,Europe
524,1172,Hungary,HUN,2017,14623.6966492311,75.8170731707317,80,9660351,Europe
525,1389,Hungary,HUN,2018,16427.3727611478,76.0658536585366,80,9660351,Europe
526,1606,Hungary,HUN,2019,16735.6597794761,76.0219512195122,80,9660351,Europe
527,88,Iceland,ISL,2012,45995.5478789467,82.9170731707317,81,341243,Europe
528,305,Iceland,ISL,2013,49804.9829978371,82.0609756097561,81,341243,Europe
529,522,Iceland,ISL,2014,54576.7448146565,82.8609756097561,81,341243,Europe
530,739,Iceland,ISL,2015,52951.6815110898,82.4682926829268,81,341243,Europe
531,956,Iceland,ISL,2016,61987.9263620283,82.2048780487805,81,341243,Europe
532,1173,Iceland,ISL,2017,72010.1490316258,82.6609756097561,81,341243,Europe
533,1390,Iceland,ISL,2018,74469.8040591559,82.8609756097561,81,341243,Europe
534,1607,Iceland,ISL,2019,68941.4622272394,82.5609756097561,81,341243,Europe
535,89,India,IND,2012,1443.88243476138,67.545,82,1380004385,Asia
536,306,India,IND,2013,1449.61045069641,67.931,82,1380004385,Asia
537,523,India,IND,2014,1573.88564182956,68.286,82,1380004385,Asia
538,740,India,IND,2015,1605.60544457087,68.607,82,1380004385,Asia
539,957,India,IND,2016,1732.55424231659,68.897,82,1380004385,Asia
540,1174,India,IND,2017,1980.66701982802,69.165,82,1380004385,Asia
541,1391,India,IND,2018,1996.91508739789,69.416,82,1380004385,Asia
542,1608,India,IND,2019,2100.75146060805,69.656,82,1380004385,Asia
543,90,Indonesia,IDN,2012,3694.35933980214,69.866,83,273523615,Asia
544,307,Indonesia,IDN,2013,3623.92724054274,70.179,83,273523615,Asia
545,524,Indonesia,IDN,2014,3491.63749125449,70.481,83,273523615,Asia
546,741,Indonesia,IDN,2015,3331.69511469189,70.768,83,273523615,Asia
547,958,Indonesia,IDN,2016,3562.81633352183,71.035,83,273523615,Asia
548,1175,Indonesia,IDN,2017,3837.57802362633,71.282,83,273523615,Asia
549,1392,Indonesia,IDN,2018,3893.85957814877,71.509,83,273523615,Asia
550,1609,Indonesia,IDN,2019,4135.20153132694,71.716,83,273523615,Asia
551,92,Iraq,IRQ,2012,6836.07399513338,69.148,85,40222493,Asia
552,309,Iraq,IRQ,2013,7076.55226525188,69.437,85,40222493,Asia
553,526,Iraq,IRQ,2014,6637.68437454551,69.7,85,40222493,Asia
554,743,Iraq,IRQ,2015,4688.31801743466,69.929,85,40222493,Asia
555,960,Iraq,IRQ,2016,4550.65863784829,70.122,85,40222493,Asia
556,1177,Iraq,IRQ,2017,4985.45287942996,70.294,85,40222493,Asia
557,1394,Iraq,IRQ,2018,5915.85085369644,70.454,85,40222493,Asia
558,1611,Iraq,IRQ,2019,5980.6269179797,70.604,85,40222493,Asia
559,93,Ireland,IRL,2012,49028.827394212,80.8463414634146,86,4937786,Europe
560,310,Ireland,IRL,2013,51518.3881031765,80.9487804878049,86,4937786,Europe
561,527,Ireland,IRL,2014,55525.8972513665,81.3487804878049,86,4937786,Europe
562,744,Ireland,IRL,2015,61987.5509982224,81.4536585365854,86,4937786,Europe
563,961,Ireland,IRL,2016,62818.9663649805,81.6536585365854,86,4937786,Europe
564,1178,Ireland,IRL,2017,69601.683881773,82.1560975609756,86,4937786,Europe
565,1395,Ireland,IRL,2018,79068.9746116787,82.2560975609756,86,4937786,Europe
566,1612,Ireland,IRL,2019,80886.6157387104,82.3024390243903,86,4937786,Europe
567,95,Israel,ISR,2012,32667.6068723254,81.7048780487805,87,8655535,Asia
568,312,Israel,ISR,2013,36499.4561082284,82.0560975609756,87,8655535,Asia
569,529,Israel,ISR,2014,37847.6499432106,82.1536585365854,87,8655535,Asia
570,746,Israel,ISR,2015,35808.4364289727,82.0512195121951,87,8655535,Asia
571,963,Israel,ISR,2016,37330.261796968,82.4073170731707,87,8655535,Asia
572,1180,Israel,ISR,2017,40774.1296073227,82.5512195121951,87,8655535,Asia
573,1397,Israel,ISR,2018,42063.4531274811,82.8024390243903,87,8655535,Asia
574,1614,Israel,ISR,2019,43951.2477305677,82.8048780487805,87,8655535,Asia
575,96,Italy,ITA,2012,35053.5262442572,82.2390243902439,88,60461826,Europe
576,313,Italy,ITA,2013,35549.9746972954,82.690243902439,88,60461826,Europe
577,530,Italy,ITA,2014,35518.4152916749,83.090243902439,88,60461826,Europe
578,747,Italy,ITA,2015,30230.2263021296,82.5439024390244,88,60461826,Europe
579,964,Italy,ITA,2016,30939.7142462298,83.2439024390244,88,60461826,Europe
580,1181,Italy,ITA,2017,32326.6742113994,82.9463414634147,88,60461826,Europe
581,1398,Italy,ITA,2018,34605.2627252058,83.3463414634146,88,60461826,Europe
582,1615,Italy,ITA,2019,33641.6337513622,83.1975609756098,88,60461826,Europe
583,97,Jamaica,JAM,2012,5209.85926362567,74.001,89,2961167,North America
584,314,Jamaica,JAM,2013,4989.73408891012,74.01,89,2961167,North America
585,531,Jamaica,JAM,2014,4834.28400949801,74.042,89,2961167,North America
586,748,Jamaica,JAM,2015,4907.927415189,74.098,89,2961167,North America
587,965,Jamaica,JAM,2016,4843.74989999401,74.175,89,2961167,North America
588,1182,Jamaica,JAM,2017,5070.0995030616,74.267,89,2961167,North America
589,1399,Jamaica,JAM,2018,5359.99378939638,74.368,89,2961167,North America
590,1616,Jamaica,JAM,2019,5369.4983713849,74.475,89,2961167,North America
591,98,Japan,JPN,2012,49145.2804308193,83.0960975609756,90,126476461,Asia
592,315,Japan,JPN,2013,40898.6478964744,83.3319512195122,90,126476461,Asia
593,532,Japan,JPN,2014,38475.3952461838,83.5878048780488,90,126476461,Asia
594,749,Japan,JPN,2015,34960.6393843385,83.7939024390244,90,126476461,Asia
595,966,Japan,JPN,2016,39400.7393559257,83.9848780487805,90,126476461,Asia
596,1183,Japan,JPN,2017,38891.0862716856,84.099756097561,90,126476461,Asia
597,1400,Japan,JPN,2018,39808.1685608793,84.2109756097561,90,126476461,Asia
598,1617,Japan,JPN,2019,40777.6086970512,84.3563414634146,90,126476461,Asia
599,99,Jordan,JOR,2012,3910.34689406377,73.722,91,10203134,Asia
600,316,Jordan,JOR,2013,4044.42686891185,73.851,91,10203134,Asia
601,533,Jordan,JOR,2014,4131.44735046027,73.969,91,10203134,Asia
602,750,Jordan,JOR,2015,4164.10876894014,74.078,91,10203134,Asia
603,967,Jordan,JOR,2016,4175.35660192301,74.184,91,10203134,Asia
604,1184,Jordan,JOR,2017,4231.51827999134,74.292,91,10203134,Asia
605,1401,Jordan,JOR,2018,4308.1510738997,74.405,91,10203134,Asia
606,1618,Jordan,JOR,2019,4405.48710929391,74.526,91,10203134,Asia
607,100,Kazakhstan,KAZ,2012,12386.6992652963,69.52,92,18776707,Asia
608,317,Kazakhstan,KAZ,2013,13890.6309562926,70.62,92,18776707,Asia
609,534,Kazakhstan,KAZ,2014,12807.2606866152,71.44,92,18776707,Asia
610,751,Kazakhstan,KAZ,2015,10510.7718884149,71.97,92,18776707,Asia
611,968,Kazakhstan,KAZ,2016,7714.84184376024,72.41,92,18776707,Asia
612,1185,Kazakhstan,KAZ,2017,9247.58133129626,72.95,92,18776707,Asia
613,1402,Kazakhstan,KAZ,2018,9812.62637077396,73.15,92,18776707,Asia
614,1619,Kazakhstan,KAZ,2019,9812.5958082732,73.18,92,18776707,Asia
615,101,Kenya,KEN,2012,1271.8153829134,62.659,93,53771296,Africa
616,318,Kenya,KEN,2013,1354.8208334252,63.419,93,53771296,Africa
617,535,Kenya,KEN,2014,1462.22005213295,64.135,93,53771296,Africa
618,752,Kenya,KEN,2015,1464.55400904329,64.798,93,53771296,Africa
619,969,Kenya,KEN,2016,1525.23519224992,65.393,93,53771296,Africa
620,1186,Kenya,KEN,2017,1633.49121639293,65.909,93,53771296,Africa
621,1403,Kenya,KEN,2018,1794.0911754468,66.342,93,53771296,Africa
622,1620,Kenya,KEN,2019,1912.64786680344,66.699,93,53771296,Africa
623,102,Kiribati,KIR,2012,1788.6914394975,66.381,94,119449,Australia
624,319,Kiribati,KIR,2013,1715.81432071566,66.69,94,119449,Australia
625,536,Kiribati,KIR,2014,1642.82012864768,66.995,94,119449,Australia
626,753,Kiribati,KIR,2015,1542.61646547846,67.291,94,119449,Australia
627,970,Kiribati,KIR,2016,1584.73801506175,67.577,94,119449,Australia
628,1187,Kiribati,KIR,2017,1640.57120522974,67.851,94,119449,Australia
629,1404,Kiribati,KIR,2018,1727.84500131644,68.116,94,119449,Australia
630,1621,Kiribati,KIR,2019,1601.86186855285,68.369,94,119449,Australia
631,106,Kuwait,KWT,2012,51979.1206895335,74.728,95,4270571,Asia
632,323,Kuwait,KWT,2013,49388.0533799687,74.885,95,4270571,Asia
633,540,Kuwait,KWT,2014,44062.3409134598,75.019,95,4270571,Asia
634,757,Kuwait,KWT,2015,29869.552753237,75.13,95,4270571,Asia
635,974,Kuwait,KWT,2016,27653.1576200281,75.224,95,4270571,Asia
636,1191,Kuwait,KWT,2017,29759.4674745278,75.311,95,4270571,Asia
637,1408,Kuwait,KWT,2018,33399.0604365842,75.398,95,4270571,Asia
638,1625,Kuwait,KWT,2019,32373.2511220507,75.489,95,4270571,Asia
639,109,Latvia,LVA,2012,13847.3379393194,73.7780487804878,98,1886198,Europe
640,326,Latvia,LVA,2013,15007.4918561719,73.9829268292683,98,1886198,Europe
641,543,Latvia,LVA,2014,15721.4523305906,74.1243902439024,98,1886198,Europe
642,760,Latvia,LVA,2015,13780.9135484006,74.4804878048781,98,1886198,Europe
643,977,Latvia,LVA,2016,14322.0226779514,74.580487804878,98,1886198,Europe
644,1194,Latvia,LVA,2017,15656.3474910518,74.6292682926829,98,1886198,Europe
645,1411,Latvia,LVA,2018,17856.3071171976,74.7829268292683,98,1886198,Europe
646,1628,Latvia,LVA,2019,17926.841589919,75.2390243902439,98,1886198,Europe
647,110,Lebanon,LBN,2012,7952.15126589073,78.611,99,6825445,Asia
648,327,Lebanon,LBN,2013,7933.23331961404,78.683,99,6825445,Asia
649,544,Lebanon,LBN,2014,7687.75933612491,78.732,99,6825445,Asia
650,761,Lebanon,LBN,2015,7663.92023216349,78.768,99,6825445,Asia
651,978,Lebanon,LBN,2016,7653.73362998424,78.8,99,6825445,Asia
652,1195,Lebanon,LBN,2017,7819.60467019649,78.833,99,6825445,Asia
653,1412,Lebanon,LBN,2018,8058.44433692324,78.875,99,6825445,Asia
654,1629,Lebanon,LBN,2019,7578.17236808171,78.93,99,6825445,Asia
655,111,Lesotho,LSO,2012,1229.63623247423,47.416,100,2142249,Africa
656,328,Lesotho,LSO,2013,1166.9117557183,48.663,100,2142249,Africa
657,545,Lesotho,LSO,2014,1194.5756269342,49.891,100,2142249,Africa
658,762,Lesotho,LSO,2015,1146.06468787308,51.038,100,2142249,Africa
659,979,Lesotho,LSO,2016,1018.93109291945,52.059,100,2142249,Africa
660,1196,Lesotho,LSO,2017,1102.94441037887,52.947,100,2142249,Africa
661,1413,Lesotho,LSO,2018,1192.4843195181,53.705,100,2142249,Africa
662,1630,Lesotho,LSO,2019,1113.37214033581,54.331,100,2142249,Africa
663,112,Liberia,LBR,2012,675.010191838695,60.663,101,5057681,Africa
664,329,Liberia,LBR,2013,747.868660136896,61.186,101,5057681,Africa
665,546,Liberia,LBR,2014,739.91193501652,61.723,101,5057681,Africa
666,763,Liberia,LBR,2015,721.581050523128,62.269,101,5057681,Africa
667,980,Liberia,LBR,2016,740.914906030102,62.802,101,5057681,Africa
668,1197,Liberia,LBR,2017,721.085044013216,63.295,101,5057681,Africa
669,1414,Liberia,LBR,2018,710.265998419581,63.73,101,5057681,Africa
670,1631,Liberia,LBR,2019,672.340499220841,64.104,101,5057681,Africa
671,113,Libya,LBY,2012,13025.2793212496,71.901,102,6871292,Africa
672,330,Libya,LBY,2013,10363.8042471988,71.907,102,6871292,Africa
673,547,Libya,LBY,2014,6466.90823717602,71.981,102,6871292,Africa
674,764,Libya,LBY,2015,4337.91913919348,72.121,102,6871292,Africa
675,981,Libya,LBY,2016,4035.19680169994,72.311,102,6871292,Africa
676,1198,Libya,LBY,2017,5756.69932474775,72.52,102,6871292,Africa
677,1415,Libya,LBY,2018,7877.12460954542,72.724,102,6871292,Africa
678,1632,Libya,LBY,2019,7685.94813248318,72.913,102,6871292,Africa
679,115,Lithuania,LTU,2012,14367.709424872,73.8634146341464,103,2722289,Europe
680,332,Lithuania,LTU,2013,15729.6524666512,73.9146341463415,103,2722289,Europe
681,549,Lithuania,LTU,2014,16551.018202078,74.5170731707317,103,2722289,Europe
682,766,Lithuania,LTU,2015,14258.2293345128,74.3219512195122,103,2722289,Europe
683,983,Lithuania,LTU,2016,14998.1250595137,74.6707317073171,103,2722289,Europe
684,1200,Lithuania,LTU,2017,16843.699654691,75.4804878048781,103,2722289,Europe
685,1417,Lithuania,LTU,2018,19176.812150505,75.6804878048781,103,2722289,Europe
686,1634,Lithuania,LTU,2019,19575.768481407,76.1341463414634,103,2722289,Europe
687,116,Luxembourg,LUX,2012,112591.116202675,81.3926829268293,104,625978,Europe
688,333,Luxembourg,LUX,2013,119966.034888523,81.8,104,625978,Europe
689,550,Luxembourg,LUX,2014,123514.196686097,82.2292682926829,104,625978,Europe
690,767,Luxembourg,LUX,2015,105419.608507426,82.2926829268293,104,625978,Europe
691,984,Luxembourg,LUX,2016,106826.726448542,82.6853658536585,104,625978,Europe
692,1201,Luxembourg,LUX,2017,109921.031443585,82.0951219512195,104,625978,Europe
693,1418,Luxembourg,LUX,2018,117197.48169363,82.2951219512195,104,625978,Europe
694,1635,Luxembourg,LUX,2019,113218.713349678,82.4463414634146,104,625978,Europe
695,118,Madagascar,MDG,2012,518.152812674029,64.28,106,27691018,Africa
696,335,Madagascar,MDG,2013,541.065943700857,64.713,106,27691018,Africa
697,552,Madagascar,MDG,2014,530.861038865993,65.133,106,27691018,Africa
698,769,Madagascar,MDG,2015,467.235431614667,65.539,106,27691018,Africa
699,986,Madagascar,MDG,2016,475.955556826336,65.931,106,27691018,Africa
700,1203,Madagascar,MDG,2017,515.293323373233,66.311,106,27691018,Africa
701,1420,Madagascar,MDG,2018,523.94597141966,66.681,106,27691018,Africa
702,1637,Madagascar,MDG,2019,522.989524271408,67.041,106,27691018,Africa
703,119,Malawi,MWI,2012,391.561705197224,58.629,107,19129952,Africa
704,336,Malawi,MWI,2013,348.429873679261,59.931,107,19129952,Africa
705,553,Malawi,MWI,2014,371.269521706741,61.042,107,19129952,Africa
706,770,Malawi,MWI,2015,380.596987683774,61.953,107,19129952,Africa
707,987,Malawi,MWI,2016,315.777987100071,62.681,107,19129952,Africa
708,1204,Malawi,MWI,2017,506.137294436399,63.279,107,19129952,Africa
709,1421,Malawi,MWI,2018,544.593435393373,63.798,107,19129952,Africa
710,1638,Malawi,MWI,2019,591.846389556646,64.263,107,19129952,Africa
711,120,Malaysia,MYS,2012,10817.4317100783,74.877,108,32365999,Asia
712,337,Malaysia,MYS,2013,10970.1042996033,75.072,108,32365999,Asia
713,554,Malaysia,MYS,2014,11319.0619448482,75.268,108,32365999,Asia
714,771,Malaysia,MYS,2015,9955.24272167626,75.461,108,32365999,Asia
715,988,Malaysia,MYS,2016,9817.78709031009,75.649,108,32365999,Asia
716,1205,Malaysia,MYS,2017,10259.3048064811,75.828,108,32365999,Asia
717,1422,Malaysia,MYS,2018,11380.0820900475,75.997,108,32365999,Asia
718,1639,Malaysia,MYS,2019,11432.8229973018,76.156,108,32365999,Asia
719,121,Maldives,MDV,2012,7265.72339947372,76.664,109,540544,Asia
720,338,Maldives,MDV,2013,7928.47644265061,77.018,109,540544,Asia
721,555,Maldives,MDV,2014,8499.30714783649,77.36,109,540544,Asia
722,772,Maldives,MDV,2015,9033.41027034576,77.691,109,540544,Asia
723,989,Maldives,MDV,2016,9209.44356385479,78.013,109,540544,Asia
724,1206,Maldives,MDV,2017,9577.34694587865,78.325,109,540544,Asia
725,1423,Maldives,MDV,2018,10279.0799751619,78.627,109,540544,Asia
726,1640,Maldives,MDV,2019,10561.6135113508,78.921,109,540544,Asia
727,122,Mali,MLI,2012,778.625269510972,56.135,110,20250833,Africa
728,339,Mali,MLI,2013,805.03397960822,56.578,110,20250833,Africa
729,556,Mali,MLI,2014,848.279042956769,57.036,110,20250833,Africa
730,773,Mali,MLI,2015,751.47288662264,57.509,110,20250833,Africa
731,990,Mali,MLI,2016,780.723569528087,57.987,110,20250833,Africa
732,1207,Mali,MLI,2017,830.021515346886,58.452,110,20250833,Africa
733,1424,Mali,MLI,2018,894.804776510366,58.893,110,20250833,Africa
734,1641,Mali,MLI,2019,879.043187300812,59.306,110,20250833,Africa
735,123,Malta,MLT,2012,22527.6367563271,80.7463414634146,111,441543,Europe
736,340,Malta,MLT,2013,24771.0765781929,81.7463414634146,111,441543,Europe
737,557,Malta,MLT,2014,26754.2684451944,82.0463414634146,111,441543,Europe
738,774,Malta,MLT,2015,24921.6036820869,81.8975609756097,111,441543,Europe
739,991,Malta,MLT,2016,25741.4460613677,82.4536585365854,111,441543,Europe
740,1208,Malta,MLT,2017,28250.6977747589,82.3463414634146,111,441543,Europe
741,1425,Malta,MLT,2018,30672.2922439038,82.4487804878049,111,441543,Europe
742,1642,Malta,MLT,2019,30186.1959621979,82.6,111,441543,Europe
743,125,Mauritania,MRT,2012,1815.21893947923,63.079,113,4649658,Africa
744,342,Mauritania,MRT,2013,1892.09400026444,63.366,113,4649658,Africa
745,559,Mauritania,MRT,2014,1677.10901942794,63.654,113,4649658,Africa
746,776,Mauritania,MRT,2015,1524.07175254803,63.936,113,4649658,Africa
747,993,Mauritania,MRT,2016,1536.85488788877,64.208,113,4649658,Africa
748,1210,Mauritania,MRT,2017,1587.61126325063,64.464,113,4649658,Africa
749,1427,Mauritania,MRT,2018,1670.2041645288,64.704,113,4649658,Africa
750,1644,Mauritania,MRT,2019,1743.30290093768,64.925,113,4649658,Africa
751,126,Mauritius,MUS,2012,9291.22761861899,73.8634146341464,114,1271768,Africa
752,343,Mauritius,MUS,2013,9637.00265000958,74.0170731707317,114,1271768,Africa
753,560,Mauritius,MUS,2014,10153.9382184867,74.1943902439024,114,1271768,Africa
754,777,Mauritius,MUS,2015,9260.44730250635,74.3531707317073,114,1271768,Africa
755,994,Mauritius,MUS,2016,9681.61856689674,74.3948780487805,114,1271768,Africa
756,1211,Mauritius,MUS,2017,10484.9083620411,74.5146341463415,114,1271768,Africa
757,1428,Mauritius,MUS,2018,11208.3438184474,74.4163414634146,114,1271768,Africa
758,1645,Mauritius,MUS,2019,11097.168977137,74.2358536585366,114,1271768,Africa
759,127,Mexico,MEX,2012,10241.727828043,74.966,116,128932753,North America
760,344,Mexico,MEX,2013,10725.1835873796,74.93,116,128932753,North America
761,561,Mexico,MEX,2014,10928.9160089988,74.908,116,128932753,North America
762,778,Mexico,MEX,2015,9616.64555810607,74.904,116,128932753,North America
763,995,Mexico,MEX,2016,8744.51555912786,74.917,116,128932753,North America
764,1212,Mexico,MEX,2017,9287.84958732302,74.947,116,128932753,North America
765,1429,Mexico,MEX,2018,9686.98492655586,74.992,116,128932753,North America
766,1646,Mexico,MEX,2019,9950.45008048459,75.054,116,128932753,North America
767,129,Moldova,MDA,2012,3045.73987422417,70.581,118,4033963,Europe
768,346,Moldova,MDA,2013,3322.0384362615,70.968,118,4033963,Europe
769,563,Moldova,MDA,2014,3328.80144892125,71.267,118,4033963,Europe
770,780,Moldova,MDA,2015,2732.45711293733,71.478,118,4033963,Europe
771,997,Moldova,MDA,2016,2880.43928129296,71.617,118,4033963,Europe
772,1214,Moldova,MDA,2017,3509.69345025814,71.717,118,4033963,Europe
773,1431,Moldova,MDA,2018,4230.3630367862,71.808,118,4033963,Europe
774,1648,Moldova,MDA,2019,4491.6888269382,71.901,118,4033963,Europe
775,131,Mongolia,MNG,2012,4351.88846071215,68.217,119,3278290,Asia
776,348,Mongolia,MNG,2013,4366.08953699572,68.566,119,3278290,Asia
777,565,Mongolia,MNG,2014,4158.52147149753,68.863,119,3278290,Asia
778,782,Mongolia,MNG,2015,3875.32167504717,69.111,119,3278290,Asia
779,999,Mongolia,MNG,2016,3658.39030030916,69.321,119,3278290,Asia
780,1216,Mongolia,MNG,2017,3687.10000337811,69.509,119,3278290,Asia
781,1433,Mongolia,MNG,2018,4156.8469697802,69.689,119,3278290,Asia
782,1650,Mongolia,MNG,2019,4404.84583020208,69.87,119,3278290,Asia
783,132,Montenegro,MNE,2012,6586.7212793222,75.823,120,628066,Europe
784,349,Montenegro,MNE,2013,7186.42978682154,76.089,120,628066,Europe
785,566,Montenegro,MNE,2014,7378.34528902948,76.297,120,628066,Europe
786,783,Montenegro,MNE,2015,6514.27269528653,76.452,120,628066,Europe
787,1000,Montenegro,MNE,2016,7028.93657685094,76.568,120,628066,Europe
788,1217,Montenegro,MNE,2017,7784.06528996557,76.667,120,628066,Europe
789,1434,Montenegro,MNE,2018,8845.91421887296,76.77,120,628066,Europe
790,1651,Montenegro,MNE,2019,8910.65083414613,76.884,120,628066,Europe
791,133,Morocco,MAR,2012,2912.65827494029,74.97,121,36910560,Africa
792,350,Morocco,MAR,2013,3121.68008083643,75.227,121,36910560,Africa
793,567,Morocco,MAR,2014,3171.69919227376,75.477,121,36910560,Africa
794,784,Morocco,MAR,2015,2875.25798516781,75.726,121,36910560,Africa
795,1001,Morocco,MAR,2016,2896.72219562665,75.974,121,36910560,Africa
796,1218,Morocco,MAR,2017,3035.45443323105,76.218,121,36910560,Africa
797,1435,Morocco,MAR,2018,3226.98279356862,76.453,121,36910560,Africa
798,1652,Morocco,MAR,2019,3235.00066048238,76.68,121,36910560,Africa
799,134,Mozambique,MOZ,2012,657.644676541878,53.931,122,31255435,Africa
800,351,Mozambique,MOZ,2013,664.077510357336,54.949,122,31255435,Africa
801,568,Mozambique,MOZ,2014,673.96921195694,56.062,122,31255435,Africa
802,785,Mozambique,MOZ,2015,589.85904996253,57.206,122,31255435,Africa
803,1002,Mozambique,MOZ,2016,428.926672944529,58.309,122,31255435,Africa
804,1219,Mozambique,MOZ,2017,461.415094120589,59.309,122,31255435,Africa
805,1436,Mozambique,MOZ,2018,503.317925171139,60.163,122,31255435,Africa
806,1653,Mozambique,MOZ,2019,506.641639083046,60.854,122,31255435,Africa
807,135,Myanmar,MMR,2012,1134.30222376609,64.453,123,54409800,Asia
808,352,Myanmar,MMR,2013,1168.16540042288,64.921,123,54409800,Asia
809,569,Myanmar,MMR,2014,1210.09763633096,65.378,123,54409800,Asia
810,786,Myanmar,MMR,2015,1196.74335747421,65.81,123,54409800,Asia
811,1003,Myanmar,MMR,2016,1136.61066545868,66.205,123,54409800,Asia
812,1220,Myanmar,MMR,2017,1151.11446155062,66.558,123,54409800,Asia
813,1437,Myanmar,MMR,2018,1250.17369130663,66.867,123,54409800,Asia
814,1654,Myanmar,MMR,2019,1271.1115749486,67.134,123,54409800,Asia
815,136,Namibia,NAM,2012,5942.29273974027,59.387,124,2540905,Africa
816,353,Namibia,NAM,2013,5392.09493825634,60.513,124,2540905,Africa
817,570,Namibia,NAM,2014,5469.90140003637,61.425,124,2540905,Africa
818,787,Namibia,NAM,2015,4896.61526001377,62.119,124,2540905,Africa
819,1004,Namibia,NAM,2016,4546.98668754958,62.625,124,2540905,Africa
820,1221,Namibia,NAM,2017,5367.11467444788,63.021,124,2540905,Africa
821,1438,Namibia,NAM,2018,5588.39286411942,63.373,124,2540905,Africa
822,1655,Namibia,NAM,2019,5009.68590391401,63.708,124,2540905,Africa
823,138,Nepal,NPL,2012,804.141607315404,68.426,125,29136808,Asia
824,355,Nepal,NPL,2013,823.359874609489,68.806,125,29136808,Asia
825,572,Nepal,NPL,2014,844.853124843617,69.168,125,29136808,Asia
826,789,Nepal,NPL,2015,901.749607715071,69.515,125,29136808,Asia
827,1006,Nepal,NPL,2016,899.523581017634,69.848,125,29136808,Asia
828,1223,Nepal,NPL,2017,1048.45375534427,70.169,125,29136808,Asia
829,1440,Nepal,NPL,2018,1178.52593245237,70.478,125,29136808,Asia
830,1657,Nepal,NPL,2019,1194.95687572575,70.778,125,29136808,Asia
831,139,Netherlands,NLD,2012,50073.0056559308,81.1048780487805,126,17134872,Europe
832,356,Netherlands,NLD,2013,52184.0618504931,81.3048780487805,126,17134872,Europe
833,573,Netherlands,NLD,2014,52830.1742328055,81.7073170731707,126,17134872,Europe
834,790,Netherlands,NLD,2015,45175.2318933798,81.509756097561,126,17134872,Europe
835,1007,Netherlands,NLD,2016,46007.8529206547,81.5609756097561,126,17134872,Europe
836,1224,Netherlands,NLD,2017,48554.9922761756,81.7609756097561,126,17134872,Europe
837,1441,Netherlands,NLD,2018,53018.6293562696,81.8121951219512,126,17134872,Europe
838,1658,Netherlands,NLD,2019,52476.2732533327,82.0121951219512,126,17134872,Europe
839,140,New Caledonia,NCL,2012,37294.0228133545,77.0780487804878,127,285498,Australia
840,357,New Caledonia,NCL,2013,38503.2538472053,77.1780487804878,127,285498,Australia
841,574,New Caledonia,NCL,2014,39675.566312293,77.2365853658537,127,285498,Australia
842,791,New Caledonia,NCL,2015,32520.2941628143,77.2804878048781,127,285498,Australia
843,1008,New Caledonia,NCL,2016,32391.1972180394,76.9317073170732,127,285498,Australia
844,1225,New Caledonia,NCL,2017,33976.5555540689,77.5390243902439,127,285498,Australia
845,1442,New Caledonia,NCL,2018,36382.487655681,77.4341463414634,127,285498,Australia
846,1659,New Caledonia,NCL,2019,34788.529281587,77.6341463414634,127,285498,Australia
847,141,New Zealand,NZL,2012,39973.3807587223,81.1560975609756,128,4822233,Australia
848,358,New Zealand,NZL,2013,42976.6495882584,81.4073170731707,128,4822233,Australia
849,575,New Zealand,NZL,2014,44572.8987536626,81.4048780487805,128,4822233,Australia
850,792,New Zealand,NZL,2015,38630.7265886928,81.4568292682927,128,4822233,Australia
851,1009,New Zealand,NZL,2016,40080.4941137172,81.6124390243903,128,4822233,Australia
852,1226,New Zealand,NZL,2017,42992.8952738896,81.6585365853659,128,4822233,Australia
853,1443,New Zealand,NZL,2018,43306.0700032372,81.8585365853659,128,4822233,Australia
854,1660,New Zealand,NZL,2019,42755.2162634522,81.7073170731707,128,4822233,Australia
855,142,Nicaragua,NIC,2012,1760.46030828841,72.951,129,6624554,North America
856,359,Nicaragua,NIC,2013,1811.63680270363,73.197,129,6624554,North America
857,576,Nicaragua,NIC,2014,1934.06292227225,73.429,129,6624554,North America
858,793,Nicaragua,NIC,2015,2049.8516660809,73.649,129,6624554,North America
859,1010,Nicaragua,NIC,2016,2107.5740596602,73.86,129,6624554,North America
860,1227,Nicaragua,NIC,2017,2159.15671369193,74.068,129,6624554,North America
861,1444,Nicaragua,NIC,2018,2014.57518879047,74.275,129,6624554,North America
862,1661,Nicaragua,NIC,2019,1926.69969398276,74.485,129,6624554,North America
863,143,Niger,NER,2012,529.744458141694,58.79,130,24206644,Africa
864,360,Niger,NER,2013,552.569138963417,59.455,130,24206644,Africa
865,577,Niger,NER,2014,564.596748802018,60.07,130,24206644,Africa
866,794,Niger,NER,2015,484.153137350801,60.631,130,24206644,Africa
867,1011,Niger,NER,2016,500.214911266535,61.137,130,24206644,Africa
868,1228,Niger,NER,2017,517.771572271371,61.599,130,24206644,Africa
869,1445,Niger,NER,2018,570.723921953592,62.024,130,24206644,Africa
870,1662,Niger,NER,2019,554.099389259855,62.42,130,24206644,Africa
871,144,Nigeria,NGA,2012,2723.82219093859,51.786,131,206139589,Africa
872,361,Nigeria,NGA,2013,2961.54942175947,52.228,131,206139589,Africa
873,578,Nigeria,NGA,2014,3098.98579063938,52.672,131,206139589,Africa
874,795,Nigeria,NGA,2015,2687.48005643212,53.112,131,206139589,Africa
875,1012,Nigeria,NGA,2016,2176.00277201515,53.541,131,206139589,Africa
876,1229,Nigeria,NGA,2017,1968.56539847444,53.95,131,206139589,Africa
877,1446,Nigeria,NGA,2018,2027.77854863842,54.332,131,206139589,Africa
878,1663,Nigeria,NGA,2019,2229.8586518613,54.687,131,206139589,Africa
879,145,North Macedonia,MKD,2012,4728.30814189843,75.019,133,2083374,Europe
880,362,North Macedonia,MKD,2013,5241.05834548355,75.171,133,2083374,Europe
881,579,North Macedonia,MKD,2014,5495.73504918897,75.299,133,2083374,Europe
882,796,North Macedonia,MKD,2015,4861.55397141497,75.406,133,2083374,Europe
883,1013,North Macedonia,MKD,2016,5149.58907435906,75.498,133,2083374,Europe
884,1230,North Macedonia,MKD,2017,5450.4928808666,75.589,133,2083374,Europe
885,1447,North Macedonia,MKD,2018,6108.74010831698,75.688,133,2083374,Europe
886,1664,North Macedonia,MKD,2019,6070.38805358275,75.797,133,2083374,Europe
887,147,Norway,NOR,2012,101524.141851985,81.4512195121951,134,5421241,Europe
888,364,Norway,NOR,2013,102913.450843674,81.7512195121951,134,5421241,Europe
889,581,Norway,NOR,2014,97019.1827527462,82.1,134,5421241,Europe
890,798,Norway,NOR,2015,74355.5158575643,82.3048780487805,134,5421241,Europe
891,1015,Norway,NOR,2016,70460.5605323322,82.4073170731707,134,5421241,Europe
892,1232,Norway,NOR,2017,75496.7540581998,82.609756097561,134,5421241,Europe
893,1449,Norway,NOR,2018,82267.809316159,82.7585365853659,134,5421241,Europe
894,1666,Norway,NOR,2019,75719.7528965342,82.9073170731707,134,5421241,Europe
895,148,Oman,OMN,2012,24988.0125855934,76.149,135,5106626,Asia
896,365,Oman,OMN,2013,23888.6265839112,76.388,135,5106626,Asia
897,582,Oman,OMN,2014,23017.9339840457,76.634,135,5106626,Asia
898,799,Oman,OMN,2015,18444.9270020773,76.887,135,5106626,Asia
899,1016,Oman,OMN,2016,16772.7392134801,77.142,135,5106626,Asia
900,1233,Oman,OMN,2017,17329.1854626719,77.393,135,5106626,Asia
901,1450,Oman,OMN,2018,18947.3664959773,77.633,135,5106626,Asia
902,1667,Oman,OMN,2019,17700.7034900714,77.861,135,5106626,Asia
903,149,Pakistan,PAK,2012,1198.11763704007,65.849,136,220892340,Asia
904,366,Pakistan,PAK,2013,1208.91771020458,66.117,136,220892340,Asia
905,583,Pakistan,PAK,2014,1251.17571867949,66.36,136,220892340,Asia
906,800,Pakistan,PAK,2015,1356.66783065763,66.577,136,220892340,Asia
907,1017,Pakistan,PAK,2016,1368.42696140417,66.77,136,220892340,Asia
908,1234,Pakistan,PAK,2017,1464.9261954181,66.947,136,220892340,Asia
909,1451,Pakistan,PAK,2018,1482.21306651797,67.114,136,220892340,Asia
910,1668,Pakistan,PAK,2019,1288.55632450434,67.273,136,220892340,Asia
911,151,Panama,PAN,2012,10722.2614716668,77.188,137,4314767,North America
912,368,Panama,PAN,2013,11889.0950663345,77.386,137,4314767,North America
913,585,Panama,PAN,2014,12796.0740287868,77.583,137,4314767,North America
914,802,Panama,PAN,2015,13630.3011411301,77.776,137,4314767,North America
915,1019,Panama,PAN,2016,14343.9802572159,77.964,137,4314767,North America
916,1236,Panama,PAN,2017,15146.4085115348,78.149,137,4314767,North America
917,1453,Panama,PAN,2018,15544.9990788449,78.329,137,4314767,North America
918,1670,Panama,PAN,2019,15774.2549406847,78.506,137,4314767,North America
919,152,Papua New Guinea,PNG,2012,2790.67630344488,62.604,138,8947024,Australia
920,369,Papua New Guinea,PNG,2013,2729.8887512111,62.892,138,8947024,Australia
921,586,Papua New Guinea,PNG,2014,2920.78298571159,63.181,138,8947024,Australia
922,803,Papua New Guinea,PNG,2015,2679.34657921324,63.466,138,8947024,Australia
923,1020,Papua New Guinea,PNG,2016,2509.62963689931,63.744,138,8947024,Australia
924,1237,Papua New Guinea,PNG,2017,2695.24900855956,64.01,138,8947024,Australia
925,1454,Papua New Guinea,PNG,2018,2801.37139302915,64.263,138,8947024,Australia
926,1671,Papua New Guinea,PNG,2019,2820.30639650689,64.501,138,8947024,Australia
927,153,Paraguay,PRY,2012,5185.14154871279,73.068,139,7132538,South America
928,370,Paraguay,PRY,2013,5936.97595902248,73.274,139,7132538,South America
929,587,Paraguay,PRY,2014,6118.31811031962,73.473,139,7132538,South America
930,804,Paraguay,PRY,2015,5413.77602061858,73.662,139,7132538,South America
931,1021,Paraguay,PRY,2016,5324.60906777777,73.836,139,7132538,South America
932,1238,Paraguay,PRY,2017,5678.8699722,73.992,139,7132538,South America
933,1455,Paraguay,PRY,2018,5782.78454981286,74.131,139,7132538,South America
934,1672,Paraguay,PRY,2019,5380.9633218413,74.254,139,7132538,South America
935,154,Peru,PER,2012,6528.9717753128,74.981,140,32971854,South America
936,371,Peru,PER,2013,6756.75299620034,75.258,140,32971854,South America
937,588,Peru,PER,2014,6672.8773725884,75.529,140,32971854,South America
938,805,Peru,PER,2015,6229.10067398112,75.792,140,32971854,South America
939,1022,Peru,PER,2016,6204.9964574796,76.044,140,32971854,South America
940,1239,Peru,PER,2017,6710.50760214164,76.286,140,32971854,South America
941,1456,Peru,PER,2018,6957.79341149359,76.516,140,32971854,South America
942,1673,Peru,PER,2019,7027.61220697723,76.736,140,32971854,South America
943,155,Philippines,PHL,2012,2694.30510933651,70.149,141,109581078,Asia
944,372,Philippines,PHL,2013,2871.42970134837,70.315,141,109581078,Asia
945,589,Philippines,PHL,2014,2959.64543521167,70.481,141,109581078,Asia
946,806,Philippines,PHL,2015,3001.04318170103,70.644,141,109581078,Asia
947,1023,Philippines,PHL,2016,3073.65468570946,70.802,141,109581078,Asia
948,1240,Philippines,PHL,2017,3123.24564174845,70.952,141,109581078,Asia
949,1457,Philippines,PHL,2018,3252.11027410024,71.095,141,109581078,Asia
950,1674,Philippines,PHL,2019,3485.3408438977,71.231,141,109581078,Asia
951,156,Poland,POL,2012,13097.2708482174,76.7463414634146,142,37846611,Europe
952,373,Poland,POL,2013,13696.4663046143,77.0,142,37846611,Europe
953,590,Poland,POL,2014,14271.3058536202,77.6024390243903,142,37846611,Europe
954,807,Poland,POL,2015,12578.4954734362,77.4512195121951,142,37846611,Europe
955,1024,Poland,POL,2016,12447.4395912808,77.8512195121951,142,37846611,Europe
956,1241,Poland,POL,2017,13864.6817579973,77.7536585365854,142,37846611,Europe
957,1458,Poland,POL,2018,15468.4822194105,77.6024390243903,142,37846611,Europe
958,1675,Poland,POL,2019,15732.2031311754,77.8560975609756,142,37846611,Europe
959,157,Portugal,PRT,2012,20564.8898617969,80.3731707317073,143,10196709,Europe
960,374,Portugal,PRT,2013,21647.0418118869,80.7219512195122,143,10196709,Europe
961,591,Portugal,PRT,2014,22074.3007634216,81.1219512195122,143,10196709,Europe
962,808,Portugal,PRT,2015,19242.3664710981,81.1243902439025,143,10196709,Europe
963,1025,Portugal,PRT,2016,19978.401214968,81.1243902439025,143,10196709,Europe
964,1242,Portugal,PRT,2017,21437.3475036794,81.4243902439025,143,10196709,Europe
965,1459,Portugal,PRT,2018,23551.0482905614,81.3243902439024,143,10196709,Europe
966,1676,Portugal,PRT,2019,23330.817288932,80.6829268292683,143,10196709,Europe
967,158,Puerto Rico,PRI,2012,27944.7338937424,78.8475853658537,144,2860853,North America
968,375,Puerto Rico,PRI,2013,28513.1657351067,79.0343414634146,144,2860853,North America
969,592,Puerto Rico,PRI,2014,28981.4573305866,79.2024634146342,144,2860853,North America
970,809,Puerto Rico,PRI,2015,29763.4883013861,79.353487804878,144,2860853,North America
971,1026,Puerto Rico,PRI,2016,30627.1634017011,79.4949756097561,144,2860853,North America
972,1243,Puerto Rico,PRI,2017,31108.7605697675,79.6345365853659,144,2860853,North America
973,1460,Puerto Rico,PRI,2018,31604.7015144578,79.7781951219512,144,2860853,North America
974,1677,Puerto Rico,PRI,2019,32850.5486123592,79.928512195122,144,2860853,North America
975,159,Qatar,QAT,2012,85075.9865371983,79.399,145,2881053,Asia
976,376,Qatar,QAT,2013,85050.6843410957,79.527,145,2881053,Asia
977,593,Qatar,QAT,2014,83858.3404581765,79.646,145,2881053,Asia
978,810,Qatar,QAT,2015,63039.1126258027,79.758,145,2881053,Asia
979,1027,Qatar,QAT,2016,57162.9680117767,79.868,145,2881053,Asia
980,1244,Qatar,QAT,2017,59124.8672712073,79.981,145,2881053,Asia
981,1461,Qatar,QAT,2018,65907.9484350408,80.1,145,2881053,Asia
982,1678,Qatar,QAT,2019,62276.4286944365,80.227,145,2881053,Asia
983,160,Romania,ROU,2012,8507.10477456436,74.4121951219512,146,19237691,Europe
984,377,Romania,ROU,2013,9547.85215096612,75.0634146341463,146,19237691,Europe
985,594,Romania,ROU,2014,10043.6774497614,74.909756097561,146,19237691,Europe
986,811,Romania,ROU,2015,8969.14892146193,74.9121951219512,146,19237691,Europe
987,1028,Romania,ROU,2016,9548.58740298268,75.209756097561,146,19237691,Europe
988,1245,Romania,ROU,2017,10807.0091671993,75.309756097561,146,19237691,Europe
989,1462,Romania,ROU,2018,12398.9819787666,75.3585365853659,146,19237691,Europe
990,1679,Romania,ROU,2019,12899.3461112897,75.4585365853659,146,19237691,Europe
991,162,Rwanda,RWA,2012,725.169770255329,65.438,148,12952218,Africa
992,379,Rwanda,RWA,2013,722.894328508749,66.219,148,12952218,Africa
993,596,Rwanda,RWA,2014,743.559037978437,66.884,148,12952218,Africa
994,813,Rwanda,RWA,2015,751.077392617885,67.45,148,12952218,Africa
995,1030,Rwanda,RWA,2016,744.760748755977,67.93,148,12952218,Africa
996,1247,Rwanda,RWA,2017,772.316989145919,68.341,148,12952218,Africa
997,1464,Rwanda,RWA,2018,783.637162814808,68.7,148,12952218,Africa
998,1681,Rwanda,RWA,2019,820.149288558594,69.024,148,12952218,Africa
999,163,Samoa,WSM,2012,4020.95984437767,72.136,151,198414,Australia
1000,380,Samoa,WSM,2013,4037.81382905133,72.351,151,198414,Australia
1001,597,Samoa,WSM,2014,3937.18624604452,72.549,151,198414,Australia
1002,814,Samoa,WSM,2015,4071.92695930307,72.73,151,198414,Australia
1003,1031,Samoa,WSM,2016,4109.66322774081,72.895,151,198414,Australia
1004,1248,Samoa,WSM,2017,4258.97876710344,73.046,151,198414,Australia
1005,1465,Samoa,WSM,2018,4187.50472923664,73.187,151,198414,Australia
1006,1682,Samoa,WSM,2019,4322.86845664045,73.321,151,198414,Australia
1007,166,Saudi Arabia,SAU,2012,25243.6019982366,74.254,153,34813871,Asia
1008,383,Saudi Arabia,SAU,2013,24845.1246637862,74.402,153,34813871,Asia
1009,600,Saudi Arabia,SAU,2014,24464.2125570307,74.533,153,34813871,Asia
1010,817,Saudi Arabia,SAU,2015,20627.9269288204,74.651,153,34813871,Asia
1011,1034,Saudi Arabia,SAU,2016,19878.7638365016,74.761,153,34813871,Asia
1012,1251,Saudi Arabia,SAU,2017,20802.4663134648,74.874,153,34813871,Asia
1013,1468,Saudi Arabia,SAU,2018,23337.0175494347,74.998,153,34813871,Asia
1014,1685,Saudi Arabia,SAU,2019,23139.7979808237,75.133,153,34813871,Asia
1015,167,Senegal,SEN,2012,1317.77980180538,65.448,154,16743927,Africa
1016,384,Senegal,SEN,2013,1372.66577931902,65.939,154,16743927,Africa
1017,601,Senegal,SEN,2014,1396.65733855586,66.37,154,16743927,Africa
1018,818,Senegal,SEN,2015,1219.24941513302,66.747,154,16743927,Africa
1019,1035,Senegal,SEN,2016,1269.90329385985,67.078,154,16743927,Africa
1020,1252,Senegal,SEN,2017,1361.70197218375,67.38,154,16743927,Africa
1021,1469,Senegal,SEN,2018,1458.06909258145,67.665,154,16743927,Africa
1022,1686,Senegal,SEN,2019,1430.14825900162,67.941,154,16743927,Africa
1023,168,Serbia,SRB,2012,6015.94522756969,74.8365853658537,155,8737371,Europe
1024,385,Serbia,SRB,2013,6755.07367461629,75.1853658536585,155,8737371,Europe
1025,602,Serbia,SRB,2014,6600.05680854589,75.3365853658537,155,8737371,Europe
1026,819,Serbia,SRB,2015,5588.98072768556,75.2878048780488,155,8737371,Europe
1027,1036,Serbia,SRB,2016,5765.20076202711,75.6878048780488,155,8737371,Europe
1028,1253,Serbia,SRB,2017,6292.54362926707,75.5390243902439,155,8737371,Europe
1029,1470,Serbia,SRB,2018,7252.40185773992,75.890243902439,155,8737371,Europe
1030,1687,Serbia,SRB,2019,7417.20364852201,75.6853658536585,155,8737371,Europe
1031,169,Seychelles,SYC,2012,12006.68296237,74.2756097560976,156,98347,Africa
1032,386,Seychelles,SYC,2013,14765.6739800428,73.119512195122,156,98347,Africa
1033,603,Seychelles,SYC,2014,14700.3343408386,73.2292682926829,156,98347,Africa
1034,820,Seychelles,SYC,2015,14745.3414620288,74.2951219512195,156,98347,Africa
1035,1037,Seychelles,SYC,2016,15068.6203494184,74.309756097561,156,98347,Africa
1036,1254,Seychelles,SYC,2017,15945.2649266263,74.3,156,98347,Africa
1037,1471,Seychelles,SYC,2018,15994.8198615534,72.8414634146341,156,98347,Africa
1038,1688,Seychelles,SYC,2019,16213.4807569248,73.9439024390244,156,98347,Africa
1039,170,Sierra Leone,SLE,2012,566.378235059355,51.018,157,7976983,Africa
1040,387,Sierra Leone,SLE,2013,716.835826906915,51.731,157,7976983,Africa
1041,604,Sierra Leone,SLE,2014,714.699795733977,52.372,157,7976983,Africa
1042,821,Sierra Leone,SLE,2015,588.228862794816,52.941,157,7976983,Africa
1043,1038,Sierra Leone,SLE,2016,501.415165523953,53.444,157,7976983,Africa
1044,1255,Sierra Leone,SLE,2017,496.682294873131,53.895,157,7976983,Africa
1045,1472,Sierra Leone,SLE,2018,533.991533265984,54.309,157,7976983,Africa
1046,1689,Sierra Leone,SLE,2019,521.754836722241,54.696,157,7976983,Africa
1047,171,Singapore,SGP,2012,55546.4885386921,81.9951219512195,158,5850342,Asia
1048,388,Singapore,SGP,2013,56967.4257940383,82.2463414634147,158,5850342,Asia
1049,605,Singapore,SGP,2014,57562.5307937678,82.4951219512195,158,5850342,Asia
1050,822,Singapore,SGP,2015,55646.6187469505,82.7439024390244,158,5850342,Asia
1051,1039,Singapore,SGP,2016,56848.1753918367,82.8463414634146,158,5850342,Asia
1052,1256,Singapore,SGP,2017,61176.4563611565,83.0951219512195,158,5850342,Asia
1053,1473,Singapore,SGP,2018,66679.0464899752,83.2975609756098,158,5850342,Asia
1054,1690,Singapore,SGP,2019,65640.7079484985,83.4975609756098,158,5850342,Asia
1055,174,Slovenia,SVN,2012,22643.1002515007,80.1243902439024,160,2078938,Europe
1056,391,Slovenia,SVN,2013,23496.602499332,80.3219512195122,160,2078938,Europe
1057,608,Slovenia,SVN,2014,24214.9220717273,81.0780487804878,160,2078938,Europe
1058,825,Slovenia,SVN,2015,20881.7669299329,80.7756097560976,160,2078938,Europe
1059,1042,Slovenia,SVN,2016,21663.643413767,81.1756097560976,160,2078938,Europe
1060,1259,Slovenia,SVN,2017,23455.9447259222,81.0292682926829,160,2078938,Europe
1061,1476,Slovenia,SVN,2018,26104.1027889949,81.3780487804878,160,2078938,Europe
1062,1693,Slovenia,SVN,2019,25942.9547741436,81.280487804878,160,2078938,Europe
1063,175,Solomon Islands,SLB,2012,2141.82152227309,71.296,161,686884,Australia
1064,392,Solomon Islands,SLB,2013,2248.61493505117,71.601,161,686884,Australia
1065,609,Solomon Islands,SLB,2014,2274.88786574405,71.896,161,686884,Australia
1066,826,Solomon Islands,SLB,2015,2167.11992829078,72.173,161,686884,Australia
1067,1043,Solomon Islands,SLB,2016,2225.48684209273,72.424,161,686884,Australia
1068,1260,Solomon Islands,SLB,2017,2332.84421585545,72.645,161,686884,Australia
1069,1477,Solomon Islands,SLB,2018,2411.86292635277,72.835,161,686884,Australia
1070,1694,Solomon Islands,SLB,2019,2344.04897615315,72.996,161,686884,Australia
1071,177,South Africa,ZAF,2012,8222.19727925886,60.06,163,59308690,Africa
1072,394,South Africa,ZAF,2013,7467.07918510394,61.099,163,59308690,Africa
1073,611,South Africa,ZAF,2014,6988.80873854682,61.968,163,59308690,Africa
1074,828,South Africa,ZAF,2015,6259.83968110571,62.649,163,59308690,Africa
1075,1045,South Africa,ZAF,2016,5756.96574098804,63.153,163,59308690,Africa
1076,1262,South Africa,ZAF,2017,6690.93984735096,63.538,163,59308690,Africa
1077,1479,South Africa,ZAF,2018,7005.09541266022,63.857,163,59308690,Africa
1078,1696,South Africa,ZAF,2019,6624.76186493309,64.131,163,59308690,Africa
1079,178,South Sudan,SSD,2012,1179.73971108066,55.791,165,11193725,Africa
1080,395,South Sudan,SSD,2013,1779.47036531513,56.2,165,11193725,Africa
1081,612,South Sudan,SSD,2014,1322.82036383331,56.552,165,11193725,Africa
1082,829,South Sudan,SSD,2015,1119.65143716565,56.855,165,11193725,Africa
1083,179,Spain,ESP,2012,28324.4293363918,82.4268292682927,166,46754778,Europe
1084,396,Spain,ESP,2013,29059.5479522321,83.0780487804878,166,46754778,Europe
1085,613,Spain,ESP,2014,29461.5503337389,83.2292682926829,166,46754778,Europe
1086,830,Spain,ESP,2015,25732.0183647454,82.8317073170732,166,46754778,Europe
1087,1047,Spain,ESP,2016,26505.3432155204,83.3292682926829,166,46754778,Europe
1088,1264,Spain,ESP,2017,28100.5862419453,83.2829268292683,166,46754778,Europe
1089,1481,Spain,ESP,2018,30349.7520984361,83.4317073170732,166,46754778,Europe
1090,1698,Spain,ESP,2019,29555.3156985079,83.4853658536585,166,46754778,Europe
1091,180,Sri Lanka,LKA,2012,3350.52187589289,75.796,167,21413249,Asia
1092,397,Sri Lanka,LKA,2013,3610.28936304898,75.974,167,21413249,Asia
1093,614,Sri Lanka,LKA,2014,3819.25352972265,76.147,167,21413249,Asia
1094,831,Sri Lanka,LKA,2015,3843.78067184442,76.316,167,21413249,Asia
1095,1048,Sri Lanka,LKA,2016,3886.29150165239,76.482,167,21413249,Asia
1096,1265,Sri Lanka,LKA,2017,4077.04384087488,76.648,167,21413249,Asia
1097,1482,Sri Lanka,LKA,2018,4059.20822984947,76.812,167,21413249,Asia
1098,1699,Sri Lanka,LKA,2019,3852.26560287415,76.978,167,21413249,Asia
1099,185,Sudan,SDN,2012,1039.76205101829,63.542,170,43849260,Africa
1100,402,Sudan,SDN,2013,1160.53555203281,63.875,170,43849260,Africa
1101,619,Sudan,SDN,2014,1303.83895504606,64.169,170,43849260,Africa
1102,836,Sudan,SDN,2015,1329.63596169544,64.429,170,43849260,Africa
1103,1053,Sudan,SDN,2016,1069.83995681729,64.663,170,43849260,Africa
1104,1270,Sudan,SDN,2017,1011.5212160524,64.881,170,43849260,Africa
1105,1487,Sudan,SDN,2018,740.746767001408,65.095,170,43849260,Africa
1106,1704,Sudan,SDN,2019,610.927861513165,65.311,170,43849260,Africa
1107,186,Suriname,SUR,2012,9200.97478600343,70.851,171,586632,South America
1108,403,Suriname,SUR,2013,9402.1644191114,71.002,171,586632,South America
1109,620,Suriname,SUR,2014,9471.92200052426,71.133,171,586632,South America
1110,837,Suriname,SUR,2015,9168.23715664009,71.249,171,586632,South America
1111,1054,Suriname,SUR,2016,5872.78942866166,71.358,171,586632,South America
1112,1271,Suriname,SUR,2017,6295.56056173578,71.463,171,586632,South America
1113,1488,Suriname,SUR,2018,6938.08698147294,71.57,171,586632,South America
1114,1705,Suriname,SUR,2019,6853.69341077988,71.682,171,586632,South America
1115,187,Sweden,SWE,2012,58037.8213192173,81.7048780487805,172,10099265,Europe
1116,404,Sweden,SWE,2013,61126.9431963979,81.9560975609756,172,10099265,Europe
1117,621,Sweden,SWE,2014,60020.3604576572,82.2536585365854,172,10099265,Europe
1118,838,Sweden,SWE,2015,51545.4836095322,82.2048780487805,172,10099265,Europe
1119,1055,Sweden,SWE,2016,51965.1571531985,82.3073170731707,172,10099265,Europe
1120,1272,Sweden,SWE,2017,53791.5087298403,82.409756097561,172,10099265,Europe
1121,1489,Sweden,SWE,2018,54589.0603860606,82.5585365853659,172,10099265,Europe
1122,1706,Sweden,SWE,2019,51939.4297445291,82.9585365853659,172,10099265,Europe
1123,188,Switzerland,CHE,2012,86547.6708907265,82.6975609756098,173,8654622,Europe
1124,405,Switzerland,CHE,2013,88109.4867524037,82.7975609756098,173,8654622,Europe
1125,622,Switzerland,CHE,2014,89684.7075795936,83.1975609756098,173,8654622,Europe
1126,839,Switzerland,CHE,2015,84776.1421659748,82.8975609756098,173,8654622,Europe
1127,1056,Switzerland,CHE,2016,83073.2800824812,83.6024390243903,173,8654622,Europe
1128,1273,Switzerland,CHE,2017,83352.0886533412,83.5512195121951,173,8654622,Europe
1129,1490,Switzerland,CHE,2018,86388.4049527184,83.7536585365854,173,8654622,Europe
1130,1707,Switzerland,CHE,2019,85334.5194620909,83.7048780487805,173,8654622,Europe
1131,190,Tajikistan,TJK,2012,969.296103880894,69.34,176,9537645,Asia
1132,407,Tajikistan,TJK,2013,1048.22560182624,69.609,176,9537645,Asia
1133,624,Tajikistan,TJK,2014,1104.17235837941,69.874,176,9537645,Asia
1134,841,Tajikistan,TJK,2015,978.404981180605,70.137,176,9537645,Asia
1135,1058,Tajikistan,TJK,2016,807.10258610434,70.397,176,9537645,Asia
1136,1275,Tajikistan,TJK,2017,848.672379903239,70.647,176,9537645,Asia
1137,1492,Tajikistan,TJK,2018,853.218873401321,70.879,176,9537645,Asia
1138,1709,Tajikistan,TJK,2019,890.544402355733,71.097,176,9537645,Asia
1139,191,Tanzania,TZA,2012,867.857498923481,60.47,177,59734218,Africa
1140,408,Tanzania,TZA,2013,970.399601430411,61.398,177,59734218,Africa
1141,625,Tanzania,TZA,2014,1030.0776484553,62.288,177,59734218,Africa
1142,842,Tanzania,TZA,2015,947.933351658407,63.111,177,59734218,Africa
1143,1059,Tanzania,TZA,2016,966.503016569611,63.844,177,59734218,Africa
1144,1276,Tanzania,TZA,2017,1004.90658838695,64.479,177,59734218,Africa
1145,1493,Tanzania,TZA,2018,1042.8387560513,65.015,177,59734218,Africa
1146,1710,Tanzania,TZA,2019,1085.88486002476,65.456,177,59734218,Africa
1147,192,Thailand,THA,2012,5860.58147053475,74.992,178,69799978,Asia
1148,409,Thailand,THA,2013,6168.26135569944,75.378,178,69799978,Asia
1149,626,Thailand,THA,2014,5951.88348654008,75.747,178,69799978,Asia
1150,843,Thailand,THA,2015,5840.05306687798,76.091,178,69799978,Asia
1151,1060,Thailand,THA,2016,5993.30551610045,76.403,178,69799978,Asia
1152,1277,Thailand,THA,2017,6593.81835157138,76.683,178,69799978,Asia
1153,1494,Thailand,THA,2018,7296.87960772339,76.931,178,69799978,Asia
1154,1711,Thailand,THA,2019,7817.00967118918,77.15,178,69799978,Asia
1155,193,Timor-Leste,TLS,2012,1024.1725080803,67.72,179,1318445,Asia
1156,410,Timor-Leste,TLS,2013,1210.03565458064,67.953,179,1318445,Asia
1157,627,Timor-Leste,TLS,2014,1232.45033563734,68.197,179,1318445,Asia
1158,844,Timor-Leste,TLS,2015,1332.79185551378,68.459,179,1318445,Asia
1159,1061,Timor-Leste,TLS,2016,1353.75493422806,68.735,179,1318445,Asia
1160,1278,Timor-Leste,TLS,2017,1299.49463507231,69.007,179,1318445,Asia
1161,1495,Timor-Leste,TLS,2018,1249.13835051953,69.26,179,1318445,Asia
1162,1712,Timor-Leste,TLS,2019,1583.71357646622,69.495,179,1318445,Asia
1163,194,Togo,TGO,2012,571.806723944167,58.661,180,8278724,Africa
1164,411,Togo,TGO,2013,621.398853574683,59.16,180,8278724,Africa
1165,628,Togo,TGO,2014,640.934219628827,59.58,180,8278724,Africa
1166,845,Togo,TGO,2015,570.909967175308,59.927,180,8278724,Africa
1167,1062,Togo,TGO,2016,803.1518934041,60.22,180,8278724,Africa
1168,1279,Togo,TGO,2017,830.745276651438,60.489,180,8278724,Africa
1169,1496,Togo,TGO,2018,901.523016898937,60.76,180,8278724,Africa
1170,1713,Togo,TGO,2019,893.352454121675,61.042,180,8278724,Africa
1171,195,Tonga,TON,2012,4581.78324469272,70.242,181,105695,Australia
1172,412,Tonga,TON,2013,4428.14652130855,70.335,181,105695,Australia
1173,629,Tonga,TON,2014,4354.24436028041,70.427,181,105695,Australia
1174,846,Tonga,TON,2015,4336.23960272654,70.517,181,105695,Australia
1175,1063,Tonga,TON,2016,4157.87724876095,70.607,181,105695,Australia
1176,1280,Tonga,TON,2017,4513.4325306349,70.701,181,105695,Australia
1177,1497,Tonga,TON,2018,4740.70027224476,70.801,181,105695,Australia
1178,1714,Tonga,TON,2019,4903.01213835449,70.907,181,105695,Australia
1179,196,Trinidad and Tobago,TTO,2012,19157.4597728795,72.382,182,1399488,North America
1180,413,Trinidad and Tobago,TTO,2013,20143.5454060659,72.582,182,1399488,North America
1181,630,Trinidad and Tobago,TTO,2014,20270.933769027,72.768,182,1399488,North America
1182,847,Trinidad and Tobago,TTO,2015,18214.460619356,72.941,182,1399488,North America
1183,1064,Trinidad and Tobago,TTO,2016,16250.6286879928,73.1,182,1399488,North America
1184,1281,Trinidad and Tobago,TTO,2017,16173.7400502023,73.245,182,1399488,North America
1185,1498,Trinidad and Tobago,TTO,2018,17037.8623561897,73.38,182,1399488,North America
1186,1715,Trinidad and Tobago,TTO,2019,16637.1629387697,73.507,182,1399488,North America
1187,197,Tunisia,TUN,2012,4361.68773551236,75.376,183,11818619,Africa
1188,414,Tunisia,TUN,2013,4444.81651141181,75.552,183,11818619,Africa
1189,631,Tunisia,TUN,2014,4544.01663230398,75.734,183,11818619,Africa
1190,848,Tunisia,TUN,2015,4094.83628744518,75.922,183,11818619,Africa
1191,1065,Tunisia,TUN,2016,3924.36334591653,76.115,183,11818619,Africa
1192,1282,Tunisia,TUN,2017,3687.77746085503,76.31,183,11818619,Africa
1193,1499,Tunisia,TUN,2018,3680.89259713943,76.505,183,11818619,Africa
1194,1716,Tunisia,TUN,2019,3574.65402418454,76.699,183,11818619,Africa
1195,198,Turkey,TUR,2012,11795.6334567571,75.373,184,84339067,Asia
1196,415,Turkey,TUR,2013,12614.7816100386,75.784,184,84339067,Asia
1197,632,Turkey,TUR,2014,12157.9904337823,76.172,184,84339067,Asia
1198,849,Turkey,TUR,2015,11006.2795239649,76.532,184,84339067,Asia
1199,1066,Turkey,TUR,2016,10894.6033779275,76.86,184,84339067,Asia
1200,1283,Turkey,TUR,2017,10589.667724687,77.161,184,84339067,Asia
1201,1500,Turkey,TUR,2018,9454.34844272271,77.437,184,84339067,Asia
1202,1717,Turkey,TUR,2019,9121.51516673708,77.691,184,84339067,Asia
1203,199,Turkmenistan,TKM,2012,6675.17805486958,67.167,185,6031200,Asia
1204,416,Turkmenistan,TKM,2013,7304.28577118881,67.375,185,6031200,Asia
1205,633,Turkmenistan,TKM,2014,7962.24492480061,67.552,185,6031200,Asia
1206,850,Turkmenistan,TKM,2015,6432.68532538494,67.704,185,6031200,Asia
1207,1067,Turkmenistan,TKM,2016,6387.68257527254,67.835,185,6031200,Asia
1208,1284,Turkmenistan,TKM,2017,6587.09260439788,67.956,185,6031200,Asia
1209,1501,Turkmenistan,TKM,2018,6967.37504258806,68.073,185,6031200,Asia
1210,1718,Turkmenistan,TKM,2019,7612.03518009452,68.191,185,6031200,Asia
1211,202,Uganda,UGA,2012,790.131450583483,59.017,187,45741007,Africa
1212,419,Uganda,UGA,2013,810.090395013891,59.881,187,45741007,Africa
1213,636,Uganda,UGA,2014,883.528744499125,60.669,187,45741007,Africa
1214,853,Uganda,UGA,2015,847.267628934656,61.373,187,45741007,Africa
1215,1070,Uganda,UGA,2016,736.559847412133,61.986,187,45741007,Africa
1216,1287,Uganda,UGA,2017,746.830752928351,62.516,187,45741007,Africa
1217,1504,Uganda,UGA,2018,770.600784343292,62.973,187,45741007,Africa
1218,1721,Uganda,UGA,2019,798.585734133959,63.368,187,45741007,Africa
1219,203,Ukraine,UKR,2012,4004.8043959692,70.9441463414634,188,43733762,Europe
1220,420,Ukraine,UKR,2013,4187.73984489895,71.159512195122,188,43733762,Europe
1221,637,Ukraine,UKR,2014,3104.64320609541,71.1865853658537,188,43733762,Europe
1222,854,Ukraine,UKR,2015,2124.6623187838,71.189512195122,188,43733762,Europe
1223,1071,Ukraine,UKR,2016,2187.73050991433,71.4763414634146,188,43733762,Europe
1224,1288,Ukraine,UKR,2017,2638.3260548504,71.7809756097561,188,43733762,Europe
1225,1505,Ukraine,UKR,2018,3096.56169661923,71.5826829268293,188,43733762,Europe
1226,1722,Ukraine,UKR,2019,3661.45620430228,71.8273170731707,188,43733762,Europe
1227,204,United Arab Emirates,ARE,2012,40976.4907464015,76.711,189,9890402,Asia
1228,421,United Arab Emirates,ARE,2013,42412.6395002704,76.903,189,9890402,Asia
1229,638,United Arab Emirates,ARE,2014,43751.8056478669,77.095,189,9890402,Asia
1230,855,United Arab Emirates,ARE,2015,38663.4005026605,77.285,189,9890402,Asia
1231,1072,United Arab Emirates,ARE,2016,38141.8671313451,77.47,189,9890402,Asia
1232,1289,United Arab Emirates,ARE,2017,40644.7911901772,77.647,189,9890402,Asia
1233,1506,United Arab Emirates,ARE,2018,43839.3244866903,77.814,189,9890402,Asia
1234,1723,United Arab Emirates,ARE,2019,42701.4430454782,77.972,189,9890402,Asia
1235,205,United Kingdom,GBR,2012,42686.8000524926,80.9048780487805,190,67886011,Europe
1236,422,United Kingdom,GBR,2013,43713.8141242308,81.0048780487805,190,67886011,Europe
1237,639,United Kingdom,GBR,2014,47787.2412984884,81.3048780487805,190,67886011,Europe
1238,856,United Kingdom,GBR,2015,45404.5677734722,80.9560975609756,190,67886011,Europe
1239,1073,United Kingdom,GBR,2016,41499.5557033073,81.1560975609756,190,67886011,Europe
1240,1290,United Kingdom,GBR,2017,40857.7555829627,81.2560975609756,190,67886011,Europe
1241,1507,United Kingdom,GBR,2018,43646.9519711493,81.2560975609756,190,67886011,Europe
1242,1724,United Kingdom,GBR,2019,43070.4983595888,81.2048780487805,190,67886011,Europe
1243,206,United States,USA,2012,51602.9310457907,78.7414634146342,191,331002651,North America
1244,423,United States,USA,2013,53106.5367672165,78.7414634146342,191,331002651,North America
1245,640,United States,USA,2014,55049.9883272312,78.8414634146341,191,331002651,North America
1246,857,United States,USA,2015,56863.3714957652,78.690243902439,191,331002651,North America
1247,1074,United States,USA,2016,58021.4004997125,78.5390243902439,191,331002651,North America
1248,1291,United States,USA,2017,60109.6557260477,78.5390243902439,191,331002651,North America
1249,1508,United States,USA,2018,63064.4184096731,78.6390243902439,191,331002651,North America
1250,1725,United States,USA,2019,65279.5290260953,78.7878048780488,191,331002651,North America
1251,207,Uruguay,URY,2012,15171.5801734227,77.004,192,3473730,South America
1252,424,Uruguay,URY,2013,16973.6892364718,77.124,192,3473730,South America
1253,641,Uruguay,URY,2014,16831.9481943721,77.244,192,3473730,South America
1254,858,Uruguay,URY,2015,15613.7459681824,77.369,192,3473730,South America
1255,1075,Uruguay,URY,2016,16715.6334746253,77.498,192,3473730,South America
1256,1292,Uruguay,URY,2017,18690.8938401411,77.632,192,3473730,South America
1257,1509,Uruguay,URY,2018,18703.8602924478,77.77,192,3473730,South America
1258,1726,Uruguay,URY,2019,17688.01500769,77.911,192,3473730,South America
1259,208,Uzbekistan,UZB,2012,2267.62327535512,70.155,193,33469203,Asia
1260,425,Uzbekistan,UZB,2013,2419.71870345484,70.41,193,33469203,Asia
1261,642,Uzbekistan,UZB,2014,2628.46000757936,70.671,193,33469203,Asia
1262,859,Uzbekistan,UZB,2015,2753.97107219949,70.928,193,33469203,Asia
1263,1076,Uzbekistan,UZB,2016,2704.67718798168,71.171,193,33469203,Asia
1264,1293,Uzbekistan,UZB,2017,1916.76464246779,71.388,193,33469203,Asia
1265,1510,Uzbekistan,UZB,2018,1597.0683366109,71.573,193,33469203,Asia
1266,1727,Uzbekistan,UZB,2019,1784.00981608195,71.725,193,33469203,Asia
1267,209,Vanuatu,VUT,2012,2997.2934319817,69.421,194,307145,Australia
1268,426,Vanuatu,VUT,2013,2954.77451125652,69.57,194,307145,Australia
1269,643,Vanuatu,VUT,2014,2926.67995992932,69.719,194,307145,Australia
1270,860,Vanuatu,VUT,2015,2695.66618597973,69.869,194,307145,Australia
1271,1077,Vanuatu,VUT,2016,2805.66532016404,70.021,194,307145,Australia
1272,1294,Vanuatu,VUT,2017,3082.47508309466,70.172,194,307145,Australia
1273,1511,Vanuatu,VUT,2018,3125.40499918952,70.323,194,307145,Australia
1274,1728,Vanuatu,VUT,2019,3116.29775912529,70.474,194,307145,Australia
1275,211,Vietnam,VNM,2012,1735.15211600798,74.958,196,97338579,Asia
1276,428,Vietnam,VNM,2013,1886.69017002501,75.006,196,97338579,Asia
1277,645,Vietnam,VNM,2014,2030.27844673691,75.056,196,97338579,Asia
1278,862,Vietnam,VNM,2015,2085.10134910739,75.11,196,97338579,Asia
1279,1079,Vietnam,VNM,2016,2192.17448247545,75.172,196,97338579,Asia
1280,1296,Vietnam,VNM,2017,2365.52161506114,75.241,196,97338579,Asia
1281,1513,Vietnam,VNM,2018,2566.4474870063,75.317,196,97338579,Asia
1282,1730,Vietnam,VNM,2019,2715.27598010995,75.4,196,97338579,Asia
1283,215,Zambia,ZMB,2012,1763.06944249903,58.502,199,18383955,Africa
1284,432,Zambia,ZMB,2013,1878.34681050661,59.746,199,18383955,Africa
1285,649,Zambia,ZMB,2014,1762.42781692474,60.831,199,18383955,Africa
1286,866,Zambia,ZMB,2015,1338.29092708188,61.737,199,18383955,Africa
1287,1083,Zambia,ZMB,2016,1280.80654257604,62.464,199,18383955,Africa
1288,1300,Zambia,ZMB,2017,1535.19657398198,63.043,199,18383955,Africa
1289,1517,Zambia,ZMB,2018,1516.36837125728,63.51,199,18383955,Africa
1290,1734,Zambia,ZMB,2019,1305.00103080403,63.886,199,18383955,Africa
1291,216,Zimbabwe,ZWE,2012,1304.96801065699,55.032,200,14862924,Africa
1292,433,Zimbabwe,ZWE,2013,1429.99846146678,56.897,200,14862924,Africa
1293,650,Zimbabwe,ZWE,2014,1434.89627731806,58.41,200,14862924,Africa
1294,867,Zimbabwe,ZWE,2015,1445.06970213198,59.534,200,14862924,Africa
1295,1084,Zimbabwe,ZWE,2016,1464.58895715841,60.294,200,14862924,Africa
1296,1301,Zimbabwe,ZWE,2017,1235.18903192064,60.812,200,14862924,Africa
1297,1518,Zimbabwe,ZWE,2018,1254.64226494434,61.195,200,14862924,Africa
1298,1735,Zimbabwe,ZWE,2019,1316.74065692871,61.49,200,14862924,Africa
1299,393,Somalia,SOM,2013,350.168161787632,55.104,162,15893222,Africa
1300,610,Somalia,SOM,2014,374.114780718082,55.509,162,15893222,Africa
1301,827,Somalia,SOM,2015,386.437816984877,55.92,162,15893222,Africa
1302,1044,Somalia,SOM,2016,389.822061534188,56.324,162,15893222,Africa
1303,1261,Somalia,SOM,2017,384.463401435243,56.709,162,15893222,Africa
1304,1478,Somalia,SOM,2018,389.83139549804,57.068,162,15893222,Africa
1305,1695,Somalia,SOM,2019,419.39480767891,57.397,162,15893222,Africa